fl_date,carrier,tail_num,leg_idx,origin,dest,distance_km,sched_dep_min,sched_arr_min,actual_dep_min,actual_arr_min,dep_delay,arr_delay,carryover_delay,turnaround_buffer,symbolic_state,symbolic_event
2026-09-09,DAL,N125DA,1,LAS,SEA,1394.76,499,637,505,637,6,0,0,67,ND,LAS:ND
2026-09-09,DAL,N125DA,2,SEA,SLC,1106.6,704,823,704,823,0,0,0,54,ND,SEA:ND
2026-09-09,DAL,N125DA,3,SLC,JFK,3193.68,877,1174,877,1188,0,14,0,52,ND,SLC:ND
2026-09-09,DAL,N125DA,4,JFK,DEN,2610.01,1240,1490,1270,1530,30,40,0,66,MD,JFK:MD
2026-09-09,DAL,N125DA,5,DEN,CLT,2148.18,1596,1800,1624,1825,28,25,28,40,MD,DEN:MD
2026-09-09,SWA,N448SW,1,LAS,JFK,3609.32,457,773,457,784,0,11,0,62,ND,LAS:ND
2026-09-09,SWA,N448SW,2,JFK,SFO,4152.06,846,1211,853,1227,7,16,7,42,MD,JFK:MD
2026-09-09,SWA,N448SW,3,SFO,CLT,3687.27,1269,1591,1334,1657,65,66,0,64,SD,SFO:SD
2026-09-09,SWA,N448SW,4,CLT,DEN,2148.18,1721,1937,1750,1980,29,43,29,63,MD,CLT:MD
2026-09-09,SWA,N448SW,5,DEN,ORD,1426.0,2043,2184,2073,2230,30,46,30,42,SD,DEN:SD
2026-09-09,UAL,N181UA,1,SEA,DEN,1645.43,453,614,453,627,0,13,0,63,ND,SEA:ND
2026-09-09,UAL,N181UA,2,DEN,MIA,2748.54,690,942,699,948,9,6,9,44,ND,DEN:ND
2026-09-09,UAL,N181UA,3,MIA,LAS,3494.55,992,1313,1026,1351,34,38,0,55,MD,MIA:MD
2026-09-09,UAL,N181UA,4,LAS,MSP,2087.72,1406,1606,1417,1619,11,13,0,75,ND,LAS:ND
2026-09-09,UAL,N181UA,5,MSP,CLT,1496.28,1694,1839,1694,1856,0,17,0,54,MD,MSP:MD
2026-09-09,UAL,N510UA,1,LAS,DFW,1694.7,487,659,498,666,11,7,0,69,ND,LAS:ND
2026-09-09,UAL,N510UA,2,DFW,SFO,2352.0,735,955,735,970,0,15,0,75,MD,DFW:MD
2026-09-09,UAL,N510UA,3,SFO,CLT,3687.27,1045,1382,1045,1386,0,4,0,67,ND,SFO:ND
2026-09-09,UAL,N510UA,4,CLT,IAH,1466.22,1453,1606,1453,1606,0,0,0,54,ND,CLT:ND
2026-09-09,UAL,N510UA,5,IAH,BOS,2566.63,1660,1906,1663,1906,3,0,0,71,ND,IAH:ND
2026-09-09,DAL,N256DA,1,LAX,EWR,3940.63,479,835,479,854,0,19,0,56,MD,LAX:MD
2026-09-09,DAL,N256DA,2,EWR,DFW,2204.25,910,1111,921,1131,11,20,11,47,MD,EWR:MD
2026-09-09,DAL,N256DA,3,DFW,MIA,1802.65,1178,1355,1190,1372,12,17,0,61,MD,DFW:MD
2026-09-09,DAL,N256DA,4,MIA,BOS,2027.83,1433,1625,1444,1651,11,26,0,69,MD,MIA:MD
2026-09-09,DAL,N256DA,5,BOS,MCO,1805.67,1720,1897,1720,1905,0,8,0,72,ND,BOS:ND
2026-09-09,DAL,N991DA,1,MCO,BOS,1805.67,401,587,401,598,0,11,0,73,ND,MCO:ND
2026-09-09,DAL,N991DA,2,BOS,SFO,4341.08,671,1053,673,1076,2,23,0,71,MD,BOS:MD
2026-09-09,DAL,N991DA,3,SFO,JFK,4152.06,1147,1515,1163,1530,16,15,2,59,MD,SFO:MD
2026-09-09,DAL,N991DA,4,JFK,PHX,3457.99,1589,1908,1625,1951,36,43,10,45,MD,JFK:MD
2026-09-09,DAL,N991DA,5,PHX,MIA,3168.32,1996,2276,1997,2276,1,0,1,74,ND,PHX:ND
2026-09-09,SWA,N662SW,1,LAX,LAS,380.24,498,559,498,572,0,13,0,59,ND,LAX:ND
2026-09-09,SWA,N662SW,2,LAS,BOS,3822.26,631,981,631,989,0,8,0,63,ND,LAS:ND
2026-09-09,SWA,N662SW,3,BOS,EWR,322.68,1052,1116,1068,1126,16,10,3,47,ND,BOS:ND
2026-09-09,SWA,N662SW,4,EWR,SFO,4118.23,1173,1537,1180,1543,7,6,7,41,ND,EWR:ND
2026-09-09,SWA,N662SW,5,SFO,MSP,2551.59,1584,1831,1628,1889,44,58,0,54,SD,SFO:SD
2026-09-09,DAL,N334DA,1,DFW,ORD,1290.0,531,674,531,689,0,15,0,53,MD,DFW:MD
2026-09-09,DAL,N334DA,2,ORD,CLT,964.31,742,862,764,891,22,29,0,70,MD,ORD:MD
2026-09-09,DAL,N334DA,3,CLT,BWI,580.67,961,1045,981,1078,20,33,13,52,MD,CLT:MD
2026-09-09,DAL,N334DA,4,BWI,SEA,3748.12,1130,1467,1136,1479,6,12,6,62,ND,BWI:ND
2026-09-09,DAL,N334DA,5,SEA,JFK,3886.59,1541,1877,1579,1930,38,53,7,46,SD,SEA:SD
2026-09-09,UAL,N919UA,1,DEN,SEA,1645.43,468,629,468,648,0,19,0,57,MD,DEN:MD
2026-09-09,UAL,N919UA,2,SEA,SFO,1092.94,705,819,705,838,0,19,0,68,MD,SEA:MD
2026-09-09,UAL,N919UA,3,SFO,IAH,2627.7,906,1158,925,1186,19,28,12,46,MD,SFO:MD
2026-09-09,UAL,N919UA,4,IAH,MSP,1666.53,1232,1390,1252,1429,20,39,20,45,MD,IAH:MD
2026-09-09,UAL,N919UA,5,MSP,DFW,1372.59,1474,1615,1497,1645,23,30,23,50,MD,MSP:MD
2026-09-09,AAL,N985AA,1,MIA,ORD,1929.51,427,620,427,642,0,22,0,58,MD,MIA:MD
2026-09-09,AAL,N985AA,2,ORD,LAX,2801.93,700,966,737,1004,37,38,0,71,MD,ORD:MD
2026-09-09,AAL,N985AA,3,LAX,BWI,3739.99,1075,1405,1102,1441,27,36,27,43,MD,LAX:MD
2026-09-09,AAL,N985AA,4,BWI,ATL,927.2,1484,1584,1515,1625,31,41,10,60,MD,BWI:MD
2026-09-09,AAL,N985AA,5,ATL,SFO,3434.95,1685,1999,1687,2009,2,10,2,72,ND,ATL:ND
2026-09-09,AAL,N158AA,1,BOS,DFW,2508.97,420,657,420,667,0,10,0,47,ND,BOS:ND
2026-09-09,AAL,N158AA,2,DFW,LAX,1982.96,714,904,721,916,7,12,7,42,ND,DFW:ND
2026-09-09,AAL,N158AA,3,LAX,SLC,949.5,958,1076,965,1083,7,7,0,73,ND,LAX:ND
2026-09-09,AAL,N158AA,4,SLC,BWI,2993.56,1156,1426,1159,1433,3,7,0,60,ND,SLC:ND
2026-09-09,AAL,N158AA,5,BWI,CLT,580.67,1493,1568,1493,1589,0,21,0,59,MD,BWI:MD
2026-09-09,DAL,N109DA,1,MSP,SLC,1591.57,427,583,427,603,0,20,0,62,MD,MSP:MD
2026-09-09,DAL,N109DA,2,SLC,DEN,627.77,665,747,686,774,21,27,0,63,MD,SLC:MD
2026-09-09,DAL,N109DA,3,DEN,DFW,1031.3,837,961,842,983,5,22,5,59,MD,DEN:MD
2026-09-09,DAL,N109DA,4,DFW,SFO,2352.0,1042,1275,1045,1296,3,21,0,73,MD,DFW:MD
2026-09-09,DAL,N109DA,5,SFO,LAS,665.02,1369,1464,1370,1464,1,0,1,59,ND,SFO:ND
2026-09-09,AAL,N370AA,1,DEN,BWI,2393.68,514,736,543,777,29,41,0,61,MD,DEN:MD
2026-09-09,AAL,N370AA,2,BWI,IAH,1985.05,838,1029,840,1051,2,22,2,72,MD,BWI:MD
2026-09-09,AAL,N370AA,3,IAH,JFK,2277.28,1123,1331,1138,1364,15,33,15,45,MD,IAH:MD
2026-09-09,AAL,N370AA,4,JFK,LAS,3609.32,1409,1730,1476,1813,67,83,23,42,SD,JFK:SD
2026-09-09,AAL,N370AA,5,LAS,BOS,3822.26,1855,2189,1918,2258,63,69,48,56,SD,LAS:SD
2026-09-09,SWA,N674SW,1,ATL,DEN,1926.35,454,651,466,659,12,8,0,75,ND,ATL:ND
2026-09-09,SWA,N674SW,2,DEN,DFW,1031.3,734,842,734,863,0,21,0,59,MD,DEN:MD
2026-09-09,SWA,N674SW,3,DFW,JFK,2235.03,922,1126,935,1138,13,12,0,62,ND,DFW:ND
2026-09-09,SWA,N674SW,4,JFK,ORD,1188.05,1200,1323,1200,1343,0,20,0,62,MD,JFK:MD
2026-09-09,SWA,N674SW,5,ORD,EWR,1154.23,1405,1535,1415,1544,10,9,10,49,ND,ORD:ND
2026-09-09,AAL,N919AA,1,LAX,EWR,3940.63,465,812,480,841,15,29,0,57,MD,LAX:MD
2026-09-09,AAL,N919AA,2,EWR,ATL,1198.39,898,1021,899,1041,1,20,1,64,MD,EWR:MD
2026-09-09,AAL,N919AA,3,ATL,BWI,927.2,1105,1219,1147,1282,42,63,5,54,SD,ATL:SD
2026-09-09,AAL,N919AA,4,BWI,CLT,580.67,1336,1421,1387,1489,51,68,28,62,SD,BWI:SD
2026-09-09,AAL,N919AA,5,CLT,MIA,1049.17,1551,1666,1628,1741,77,75,39,54,SD,CLT:SD
2026-09-09,SWA,N436SW,1,LAS,DFW,1694.7,497,667,532,702,35,35,4,41,MD,LAS:MD
2026-09-09,SWA,N436SW,2,DFW,BWI,1954.81,743,929,757,954,14,25,14,56,MD,DFW:MD
2026-09-09,SWA,N436SW,3,BWI,PHX,3209.54,1010,1304,1011,1307,1,3,1,62,ND,BWI:ND
2026-09-09,SWA,N436SW,4,PHX,MIA,3168.32,1369,1660,1399,1710,30,50,0,72,SD,PHX:SD
2026-09-09,SWA,N436SW,5,MIA,CLT,1049.17,1782,1908,1832,1972,50,64,29,52,SD,MIA:SD
2026-09-09,SWA,N101SW,1,BOS,IAH,2566.63,530,770,530,770,0,0,0,60,ND,BOS:ND
2026-09-09,SWA,N101SW,2,IAH,SFO,2627.7,830,1074,845,1094,15,20,0,72,MD,IAH:MD
2026-09-09,SWA,N101SW,3,SFO,PHX,1046.57,1166,1284,1166,1293,0,9,0,65,ND,SFO:ND
2026-09-09,SWA,N101SW,4,PHX,EWR,3424.67,1358,1660,1358,1682,0,22,0,52,MD,PHX:MD
2026-09-09,SWA,N101SW,5,EWR,ORD,1154.23,1734,1863,1743,1873,9,10,9,51,ND,EWR:ND
2026-09-09,SWA,N661SW,1,ATL,MCO,650.97,508,604,508,610,0,6,0,60,ND,ATL:ND
2026-09-09,SWA,N661SW,2,MCO,SLC,3103.38,670,949,670,969,0,20,0,72,MD,MCO:MD
2026-09-09,SWA,N661SW,3,SLC,SFO,962.09,1041,1147,1098,1217,57,70,14,45,SD,SLC:SD
2026-09-09,SWA,N661SW,4,SFO,EWR,4118.23,1262,1636,1311,1707,49,71,34,61,SD,SFO:SD
2026-09-09,SWA,N661SW,5,EWR,MIA,1749.72,1768,1939,1817,1986,49,47,37,59,SD,EWR:SD
2026-09-09,AAL,N125AA,1,ORD,SEA,2761.75,521,784,521,788,0,4,0,52,ND,ORD:ND
2026-09-09,AAL,N125AA,2,SEA,DTW,3092.66,840,1127,851,1150,11,23,0,65,MD,SEA:MD
2026-09-09,AAL,N125AA,3,DTW,DFW,1586.45,1215,1366,1230,1380,15,14,15,46,ND,DTW:ND
2026-09-09,AAL,N125AA,4,DFW,MSP,1372.59,1426,1565,1426,1574,0,9,0,73,ND,DFW:ND
2026-09-09,AAL,N125AA,5,MSP,SFO,2551.59,1647,1883,1651,1904,4,21,4,47,MD,MSP:MD
2026-09-09,SWA,N783SW,1,BOS,IAH,2566.63,500,744,502,753,2,9,2,50,ND,BOS:ND
2026-09-09,SWA,N783SW,2,IAH,CLT,1466.22,803,959,803,977,0,18,0,56,MD,IAH:MD
2026-09-09,SWA,N783SW,3,CLT,MSP,1496.28,1033,1197,1033,1205,0,8,0,57,ND,CLT:ND
2026-09-09,SWA,N783SW,4,MSP,EWR,1618.5,1262,1431,1273,1436,11,5,0,55,ND,MSP:ND
2026-09-09,SWA,N783SW,5,EWR,DTW,783.32,1491,1587,1527,1625,36,38,0,55,MD,EWR:MD
2026-09-09,DAL,N241DA,1,JFK,SEA,3886.59,466,814,466,819,0,5,0,61,ND,JFK:ND
2026-09-09,DAL,N241DA,2,SEA,MIA,4379.54,880,1256,880,1260,0,4,0,53,ND,SEA:ND
2026-09-09,DAL,N241DA,3,MIA,BWI,1525.57,1313,1478,1315,1496,2,18,2,41,MD,MIA:MD
2026-09-09,DAL,N241DA,4,BWI,SFO,3944.61,1537,1895,1537,1917,0,22,0,64,MD,BWI:MD
2026-09-09,DAL,N241DA,5,SFO,ORD,2964.02,1981,2254,1982,2274,1,20,1,59,MD,SFO:MD
2026-09-09,SWA,N651SW,1,IAH,SEA,3013.28,484,750,494,773,10,23,0,64,MD,IAH:MD
2026-09-09,SWA,N651SW,2,SEA,DTW,3092.66,837,1121,848,1153,11,32,11,50,MD,SEA:MD
2026-09-09,SWA,N651SW,3,DTW,SLC,2377.74,1203,1422,1217,1440,14,18,0,74,MD,DTW:MD
2026-09-09,SWA,N651SW,4,SLC,LAS,591.72,1514,1604,1546,1641,32,37,12,41,MD,SLC:MD
2026-09-09,SWA,N651SW,5,LAS,SFO,665.02,1682,1764,1705,1787,23,23,2,69,MD,LAS:MD
2026-09-09,SWA,N435SW,1,SFO,MSP,2551.59,467,704,467,719,0,15,0,45,MD,SFO:MD
2026-09-09,SWA,N435SW,2,MSP,CLT,1496.28,764,925,774,938,10,13,10,43,ND,MSP:ND
2026-09-09,SWA,N435SW,3,CLT,IAH,1466.22,981,1130,990,1151,9,21,9,44,MD,CLT:MD
2026-09-09,SWA,N435SW,4,IAH,MIA,1549.36,1195,1344,1210,1357,15,13,15,41,ND,IAH:ND
2026-09-09,SWA,N435SW,5,MIA,JFK,1756.9,1398,1563,1417,1589,19,26,5,49,MD,MIA:MD
2026-09-09,DAL,N677DA,1,SFO,MSP,2551.59,515,747,522,749,7,2,7,50,ND,SFO:ND
2026-09-09,DAL,N677DA,2,MSP,LAS,2087.72,799,1009,800,1020,1,11,1,41,ND,MSP:ND
2026-09-09,DAL,N677DA,3,LAS,PHX,411.31,1061,1130,1061,1130,0,0,0,65,ND,LAS:ND
2026-09-09,DAL,N677DA,4,PHX,LAX,594.56,1195,1269,1208,1298,13,29,0,55,MD,PHX:MD
2026-09-09,DAL,N677DA,5,LAX,MCO,3562.38,1353,1671,1371,1699,18,28,18,47,MD,LAX:MD
2026-09-09,DAL,N455DA,1,IAH,EWR,2249.22,467,686,467,689,0,3,0,46,ND,IAH:ND
2026-09-09,DAL,N455DA,2,EWR,PHX,3424.67,735,1053,735,1058,0,5,0,69,ND,EWR:ND
2026-09-09,DAL,N455DA,3,PHX,DFW,1393.44,1127,1268,1127,1268,0,0,0,73,ND,PHX:ND
2026-09-09,DAL,N455DA,4,DFW,CLT,1503.34,1341,1505,1341,1511,0,6,0,74,ND,DFW:ND
2026-09-09,DAL,N455DA,5,CLT,ATL,364.34,1585,1652,1593,1659,8,7,0,57,ND,CLT:ND
2026-09-09,DAL,N385DA,1,MSP,SEA,2244.65,486,700,495,712,9,12,9,51,ND,MSP:ND
2026-09-09,DAL,N385DA,2,SEA,BWI,3748.12,763,1095,807,1150,44,55,0,61,SD,SEA:SD
2026-09-09,DAL,N385DA,3,BWI,MIA,1525.57,1211,1366,1222,1399,11,33,9,75,MD,BWI:MD
2026-09-09,DAL,N385DA,4,MIA,CLT,1049.17,1474,1588,1516,1635,42,47,23,45,SD,MIA:SD
2026-09-09,DAL,N385DA,5,CLT,ATL,364.34,1680,1749,1683,1766,3,17,3,75,MD,CLT:MD
2026-09-09,SWA,N761SW,1,DTW,MSP,848.05,463,562,463,565,0,3,0,59,ND,DTW:ND
2026-09-09,SWA,N761SW,2,MSP,ATL,1459.62,624,780,624,785,0,5,0,75,ND,MSP:ND
2026-09-09,SWA,N761SW,3,ATL,DFW,1174.74,860,995,860,1001,0,6,0,61,ND,ATL:ND
2026-09-09,SWA,N761SW,4,DFW,MCO,1582.71,1062,1221,1073,1227,11,6,0,59,ND,DFW:ND
2026-09-09,SWA,N761SW,5,MCO,DEN,2486.1,1286,1515,1304,1542,18,27,0,60,MD,MCO:MD
2026-09-09,AAL,N296AA,1,SFO,DTW,3337.38,409,709,409,710,0,1,0,54,ND,SFO:ND
2026-09-09,AAL,N296AA,2,DTW,LAS,2807.85,764,1013,782,1024,18,11,0,74,ND,DTW:ND
2026-09-09,AAL,N296AA,3,LAS,BOS,3822.26,1098,1429,1104,1457,6,28,0,75,MD,LAS:MD
2026-09-09,AAL,N296AA,4,BOS,MCO,1805.67,1532,1705,1581,1746,49,41,0,71,MD,BOS:MD
2026-09-09,AAL,N296AA,5,MCO,ORD,1619.56,1817,1989,1833,2011,16,22,16,58,MD,MCO:MD
2026-09-09,UAL,N288UA,1,ORD,LAS,2431.39,485,706,526,764,41,58,3,43,SD,ORD:SD
2026-09-09,UAL,N288UA,2,LAS,DTW,2807.85,807,1074,879,1145,72,71,27,59,SD,LAS:SD
2026-09-09,UAL,N288UA,3,DTW,DEN,1802.36,1204,1376,1225,1408,21,32,21,75,MD,DTW:MD
2026-09-09,UAL,N288UA,4,DEN,DFW,1031.3,1483,1609,1497,1627,14,18,14,54,MD,DEN:MD
2026-09-09,UAL,N288UA,5,DFW,SFO,2352.0,1681,1908,1731,1968,50,60,0,68,SD,DFW:SD
2026-09-09,SWA,N412SW,1,SLC,ORD,2006.04,529,716,536,732,7,16,1,50,MD,SLC:MD
2026-09-09,SWA,N412SW,2,ORD,DEN,1426.0,782,923,802,949,20,26,6,50,MD,ORD:MD
2026-09-09,SWA,N412SW,3,DEN,SFO,1552.95,999,1167,1003,1170,4,3,0,70,ND,DEN:ND
2026-09-09,SWA,N412SW,4,SFO,BOS,4341.08,1240,1621,1240,1627,0,6,0,58,ND,SFO:ND
2026-09-09,SWA,N412SW,5,BOS,JFK,299.83,1685,1735,1685,1752,0,17,0,54,MD,BOS:MD
2026-09-09,AAL,N535AA,1,DEN,IAH,1386.79,396,533,416,554,20,21,0,43,MD,DEN:MD
2026-09-09,AAL,N535AA,2,IAH,SEA,3013.28,597,882,599,890,2,8,2,58,ND,IAH:ND
2026-09-09,AAL,N535AA,3,SEA,JFK,3886.59,948,1292,948,1300,0,8,0,65,ND,SEA:ND
2026-09-09,AAL,N535AA,4,JFK,LAS,3609.32,1365,1695,1365,1706,0,11,0,71,ND,JFK:ND
2026-09-09,AAL,N535AA,5,LAS,EWR,3575.53,1777,2089,1777,2100,0,11,0,67,ND,LAS:ND
2026-09-09,UAL,N126UA,1,DFW,SEA,2667.82,404,657,404,678,0,21,0,73,MD,DFW:MD
2026-09-09,UAL,N126UA,2,SEA,ATL,3504.75,751,1064,760,1078,9,14,9,51,ND,SEA:ND
2026-09-09,UAL,N126UA,3,ATL,LAS,2804.88,1129,1398,1129,1405,0,7,0,71,ND,ATL:ND
2026-09-09,UAL,N126UA,4,LAS,ORD,2431.39,1476,1706,1485,1728,9,22,0,66,MD,LAS:MD
2026-09-09,UAL,N126UA,5,ORD,MIA,1929.51,1794,1976,1821,2017,27,41,10,50,MD,ORD:MD
2026-09-09,SWA,N395SW,1,MIA,IAH,1549.36,424,582,424,586,0,4,0,47,ND,MIA:ND
2026-09-09,SWA,N395SW,2,IAH,ORD,1489.35,633,793,635,804,2,11,2,40,ND,IAH:ND
2026-09-09,SWA,N395SW,3,ORD,MSP,537.35,844,925,890,979,46,54,0,66,SD,ORD:SD
2026-09-09,SWA,N395SW,4,MSP,DFW,1372.59,1045,1190,1057,1218,12,28,12,71,MD,MSP:MD
2026-09-09,SWA,N395SW,5,DFW,LAX,1982.96,1289,1473,1330,1510,41,37,12,53,MD,DFW:MD
2026-09-09,UAL,N548UA,1,DTW,DEN,1802.36,501,670,501,670,0,0,0,75,ND,DTW:ND
2026-09-09,UAL,N548UA,2,DEN,ATL,1926.35,745,927,745,939,0,12,0,69,ND,DEN:ND
2026-09-09,UAL,N548UA,3,ATL,SEA,3504.75,1008,1317,1008,1318,0,1,0,71,ND,ATL:ND
2026-09-09,UAL,N548UA,4,SEA,LAX,1537.13,1389,1552,1389,1559,0,7,0,57,ND,SEA:ND
2026-09-09,UAL,N548UA,5,LAX,JFK,3974.34,1616,1973,1616,1973,0,0,0,55,ND,LAX:ND
2026-09-09,SWA,N295SW,1,BWI,BOS,593.84,466,548,470,548,4,0,0,72,ND,BWI:ND
2026-09-09,SWA,N295SW,2,BOS,JFK,299.83,620,677,620,687,0,10,0,59,ND,BOS:ND
2026-09-09,SWA,N295SW,3,JFK,DFW,2235.03,746,964,749,974,3,10,3,49,ND,JFK:ND
2026-09-09,SWA,N295SW,4,DFW,LAS,1694.7,1023,1194,1023,1203,0,9,0,61,ND,DFW:ND
2026-09-09,SWA,N295SW,5,LAS,MIA,3494.55,1264,1580,1264,1599,0,19,0,69,MD,LAS:MD
2026-09-09,AAL,N814AA,1,SEA,SLC,1106.6,441,569,441,582,0,13,0,64,ND,SEA:ND
2026-09-09,AAL,N814AA,2,SLC,MIA,3357.7,646,959,651,959,5,0,5,49,ND,SLC:ND
2026-09-09,AAL,N814AA,3,MIA,BWI,1525.57,1008,1159,1008,1161,0,2,0,72,ND,MIA:ND
2026-09-09,AAL,N814AA,4,BWI,EWR,271.19,1233,1282,1275,1345,42,63,0,68,SD,BWI:SD
2026-09-09,AAL,N814AA,5,EWR,ATL,1198.39,1413,1547,1458,1597,45,50,45,40,SD,EWR:SD
2026-09-09,AAL,N176AA,1,DTW,LAS,2807.85,444,710,444,722,0,12,0,64,ND,DTW:ND
2026-09-09,AAL,N176AA,2,LAS,CLT,3076.67,786,1072,814,1094,28,22,0,74,MD,LAS:MD
2026-09-09,AAL,N176AA,3,CLT,MIA,1049.17,1168,1283,1170,1300,2,17,2,58,MD,CLT:MD
2026-09-09,AAL,N176AA,4,MIA,DFW,1802.65,1358,1529,1358,1545,0,16,0,67,MD,MIA:MD
2026-09-09,AAL,N176AA,5,DFW,EWR,2204.25,1612,1833,1622,1857,10,24,10,46,MD,DFW:MD
2026-09-09,UAL,N129UA,1,ORD,CLT,964.31,470,576,470,586,0,10,0,55,ND,ORD:ND
2026-09-09,UAL,N129UA,2,CLT,BWI,580.67,641,717,687,774,46,57,2,50,SD,CLT:SD
2026-09-09,UAL,N129UA,3,BWI,MCO,1268.78,824,962,855,1003,31,41,31,55,MD,BWI:MD
2026-09-09,UAL,N129UA,4,MCO,PHX,2969.54,1058,1324,1078,1344,20,20,20,54,MD,MCO:MD
2026-09-09,UAL,N129UA,5,PHX,LAX,594.56,1398,1484,1401,1507,3,23,3,56,MD,PHX:MD
2026-09-09,SWA,N394SW,1,IAH,LAX,2215.34,436,658,436,664,0,6,0,67,ND,IAH:ND
2026-09-09,SWA,N394SW,2,LAX,DFW,1982.96,731,923,731,942,0,19,0,52,MD,LAX:MD
2026-09-09,SWA,N394SW,3,DFW,MSP,1372.59,994,1143,1028,1187,34,44,12,46,MD,DFW:MD
2026-09-09,SWA,N394SW,4,MSP,PHX,2051.64,1233,1433,1251,1452,18,19,18,58,MD,MSP:MD
2026-09-09,SWA,N394SW,5,PHX,MCO,2969.54,1510,1772,1515,1787,5,15,0,65,MD,PHX:MD
2026-09-09,DAL,N720DA,1,DTW,MCO,1543.9,408,575,408,590,0,15,0,56,MD,DTW:MD
2026-09-09,DAL,N720DA,2,MCO,SEA,4104.64,646,1003,655,1024,9,21,9,46,MD,MCO:MD
2026-09-09,DAL,N720DA,3,SEA,PHX,1781.91,1070,1238,1071,1238,1,0,1,59,ND,SEA:ND
2026-09-09,DAL,N720DA,4,PHX,IAH,1621.03,1297,1469,1297,1469,0,0,0,63,ND,PHX:ND
2026-09-09,DAL,N720DA,5,IAH,CLT,1466.22,1532,1683,1532,1683,0,0,0,60,ND,IAH:ND
2026-09-09,AAL,N235AA,1,IAH,PHX,1621.03,402,564,402,565,0,1,0,70,ND,IAH:ND
2026-09-09,AAL,N235AA,2,PHX,BOS,3693.22,635,965,635,965,0,0,0,47,ND,PHX:ND
2026-09-09,AAL,N235AA,3,BOS,BWI,593.84,1012,1088,1012,1103,0,15,0,54,MD,BOS:MD
2026-09-09,AAL,N235AA,4,BWI,LAS,3381.13,1157,1464,1157,1481,0,17,0,75,MD,BWI:MD
2026-09-09,AAL,N235AA,5,LAS,EWR,3575.53,1556,1879,1577,1895,21,16,12,40,MD,LAS:MD
2026-09-09,SWA,N477SW,1,LAS,SLC,591.72,419,506,421,530,2,24,2,41,MD,LAS:MD
2026-09-09,SWA,N477SW,2,SLC,MIA,3357.7,571,881,573,882,2,1,2,60,ND,SLC:ND
2026-09-09,SWA,N477SW,3,MIA,PHX,3168.32,942,1240,942,1246,0,6,0,44,ND,MIA:ND
2026-09-09,SWA,N477SW,4,PHX,DEN,967.86,1290,1401,1296,1401,6,0,0,66,ND,PHX:ND
2026-09-09,SWA,N477SW,5,DEN,CLT,2148.18,1467,1664,1467,1664,0,0,0,59,ND,DEN:ND
2026-09-09,DAL,N340DA,1,IAH,JFK,2277.28,538,762,538,777,0,15,0,66,MD,IAH:MD
2026-09-09,DAL,N340DA,2,JFK,MIA,1756.9,843,1012,843,1030,0,18,0,66,MD,JFK:MD
2026-09-09,DAL,N340DA,3,MIA,MSP,2418.24,1096,1329,1096,1329,0,0,0,66,ND,MIA:ND
2026-09-09,DAL,N340DA,4,MSP,PHX,2051.64,1395,1585,1403,1599,8,14,0,63,ND,MSP:ND
2026-09-09,DAL,N340DA,5,PHX,CLT,2848.18,1662,1921,1680,1952,18,31,0,63,MD,PHX:MD
2026-09-09,UAL,N657UA,1,PHX,ORD,2312.89,476,688,476,699,0,11,0,53,ND,PHX:ND
2026-09-09,UAL,N657UA,2,ORD,MIA,1929.51,752,931,759,937,7,6,7,43,ND,ORD:ND
2026-09-09,UAL,N657UA,3,MIA,LAS,3494.55,980,1288,999,1323,19,35,0,53,MD,MIA:MD
2026-09-09,UAL,N657UA,4,LAS,SFO,665.02,1376,1471,1393,1506,17,35,17,53,MD,LAS:MD
2026-09-09,UAL,N657UA,5,SFO,SLC,962.09,1559,1667,1568,1693,9,26,9,61,MD,SFO:MD
2026-09-09,DAL,N383DA,1,JFK,BWI,295.51,529,577,560,625,31,48,0,48,SD,JFK:SD
2026-09-09,DAL,N383DA,2,BWI,IAH,1985.05,673,863,786,976,113,113,19,60,CD,BWI:CD
2026-09-09,DAL,N383DA,3,IAH,LAS,1963.17,1036,1219,1114,1305,78,86,78,48,SD,IAH:SD
2026-09-09,DAL,N383DA,4,LAS,LAX,380.24,1353,1411,1414,1488,61,77,61,44,SD,LAS:SD
2026-09-09,DAL,N383DA,5,LAX,ORD,2801.93,1532,1792,1560,1826,28,34,28,72,MD,LAX:MD
2026-09-09,AAL,N729AA,1,ORD,BOS,1390.98,482,630,482,637,0,7,0,67,ND,ORD:ND
2026-09-09,AAL,N729AA,2,BOS,MCO,1805.67,704,887,709,894,5,7,5,44,ND,BOS:ND
2026-09-09,AAL,N729AA,3,MCO,MSP,2110.58,938,1150,959,1171,21,21,1,49,MD,MCO:MD
2026-09-09,AAL,N729AA,4,MSP,ATL,1459.62,1220,1380,1220,1384,0,4,0,75,ND,MSP:ND
2026-09-09,AAL,N729AA,5,ATL,DTW,958.15,1459,1579,1466,1594,7,15,0,73,MD,ATL:MD
2026-09-09,SWA,N201SW,1,DEN,IAH,1386.79,418,566,418,570,0,4,0,61,ND,DEN:ND
2026-09-09,SWA,N201SW,2,IAH,SFO,2627.7,631,879,660,910,29,31,1,46,MD,IAH:MD
2026-09-09,SWA,N201SW,3,SFO,EWR,4118.23,956,1318,960,1335,4,17,4,63,MD,SFO:MD
2026-09-09,SWA,N201SW,4,EWR,MSP,1618.5,1398,1567,1432,1595,34,28,12,44,MD,EWR:MD
2026-09-09,SWA,N201SW,5,MSP,DTW,848.05,1639,1733,1669,1778,30,45,0,67,SD,MSP:SD
2026-09-09,UAL,N931UA,1,JFK,IAH,2277.28,450,670,457,688,7,18,7,43,MD,JFK:MD
2026-09-09,UAL,N931UA,2,IAH,ORD,1489.35,731,884,740,901,9,17,0,62,MD,IAH:MD
2026-09-09,UAL,N931UA,3,ORD,CLT,964.31,963,1071,971,1078,8,7,8,49,ND,ORD:ND
2026-09-09,UAL,N931UA,4,CLT,DEN,2148.18,1127,1326,1127,1329,0,3,0,62,ND,CLT:ND
2026-09-09,UAL,N931UA,5,DEN,SFO,1552.95,1391,1543,1391,1560,0,17,0,57,MD,DEN:MD
2026-09-09,SWA,N965SW,1,IAH,BWI,1985.05,429,621,429,621,0,0,0,61,ND,IAH:ND
2026-09-09,SWA,N965SW,2,BWI,ATL,927.2,682,785,686,804,4,19,0,65,MD,BWI:MD
2026-09-09,SWA,N965SW,3,ATL,LAS,2804.88,869,1138,916,1193,47,55,13,41,SD,ATL:SD
2026-09-09,SWA,N965SW,4,LAS,SLC,591.72,1234,1312,1254,1334,20,22,20,64,MD,LAS:MD
2026-09-09,SWA,N965SW,5,SLC,DFW,1589.25,1398,1555,1415,1574,17,19,0,63,MD,SLC:MD
2026-09-09,DAL,N153DA,1,JFK,LAX,3974.34,529,884,529,889,0,5,0,71,ND,JFK:ND
2026-09-09,DAL,N153DA,2,LAX,ORD,2801.93,960,1217,960,1217,0,0,0,53,ND,LAX:ND
2026-09-09,DAL,N153DA,3,ORD,DFW,1290.0,1270,1409,1293,1445,23,36,0,67,MD,ORD:MD
2026-09-09,DAL,N153DA,4,DFW,LAS,1694.7,1512,1690,1512,1691,0,1,0,71,ND,DFW:ND
2026-09-09,DAL,N153DA,5,LAS,SEA,1394.76,1762,1899,1762,1910,0,11,0,54,ND,LAS:ND
2026-09-09,DAL,N107DA,1,SFO,MCO,3929.5,443,785,446,793,3,8,3,40,ND,SFO:ND
2026-09-09,DAL,N107DA,2,MCO,BWI,1268.78,833,964,835,980,2,16,2,48,MD,MCO:MD
2026-09-09,DAL,N107DA,3,BWI,JFK,295.51,1028,1083,1028,1096,0,13,0,72,ND,BWI:ND
2026-09-09,DAL,N107DA,4,JFK,LAS,3609.32,1168,1492,1177,1516,9,24,9,44,MD,JFK:MD
2026-09-09,DAL,N107DA,5,LAS,BOS,3822.26,1560,1891,1566,1918,6,27,0,67,MD,LAS:MD
2026-09-09,DAL,N982DA,1,CLT,SLC,2773.68,389,647,391,647,2,0,2,41,ND,CLT:ND
2026-09-09,DAL,N982DA,2,SLC,EWR,3159.9,688,984,688,1005,0,21,0,69,MD,SLC:MD
2026-09-09,DAL,N982DA,3,EWR,MIA,1749.72,1074,1249,1089,1259,15,10,15,45,ND,EWR:ND
2026-09-09,DAL,N982DA,4,MIA,IAH,1549.36,1304,1459,1304,1467,0,8,0,67,ND,MIA:ND
2026-09-09,DAL,N982DA,5,IAH,JFK,2277.28,1534,1743,1534,1758,0,15,0,65,MD,IAH:MD
2026-09-09,UAL,N326UA,1,CLT,LAX,3412.6,490,794,490,816,0,22,0,62,MD,CLT:MD
2026-09-09,UAL,N326UA,2,LAX,DFW,1982.96,878,1081,923,1122,45,41,11,49,MD,LAX:MD
2026-09-09,UAL,N326UA,3,DFW,BOS,2508.97,1171,1404,1205,1434,34,30,22,52,MD,DFW:MD
2026-09-09,UAL,N326UA,4,BOS,DEN,2815.59,1486,1756,1530,1816,44,60,21,44,SD,BOS:SD
2026-09-09,UAL,N326UA,5,DEN,LAS,1009.02,1860,1985,1877,2012,17,27,17,71,MD,DEN:MD
2026-09-09,SWA,N797SW,1,SLC,CLT,2773.68,480,740,480,750,0,10,0,59,ND,SLC:ND
2026-09-09,SWA,N797SW,2,CLT,BWI,580.67,809,881,809,882,0,1,0,62,ND,CLT:ND
2026-09-09,SWA,N797SW,3,BWI,JFK,295.51,944,1006,978,1043,34,37,0,68,MD,BWI:MD
2026-09-09,SWA,N797SW,4,JFK,MSP,1651.36,1111,1277,1137,1322,26,45,26,44,SD,JFK:SD
2026-09-09,SWA,N797SW,5,MSP,ORD,537.35,1366,1435,1371,1450,5,15,5,72,MD,MSP:MD
2026-09-09,DAL,N560DA,1,SLC,SFO,962.09,475,579,475,579,0,0,0,61,ND,SLC:ND
2026-09-09,DAL,N560DA,2,SFO,CLT,3687.27,640,975,667,1016,27,41,0,51,MD,SFO:MD
2026-09-09,DAL,N560DA,3,CLT,DTW,806.1,1067,1170,1073,1187,6,17,6,68,MD,CLT:MD
2026-09-09,DAL,N560DA,4,DTW,JFK,816.97,1255,1350,1255,1351,0,1,0,63,ND,DTW:ND
2026-09-09,DAL,N560DA,5,JFK,ATL,1221.92,1414,1548,1414,1561,0,13,0,66,ND,JFK:ND
2026-09-09,DAL,N908DA,1,CLT,DFW,1503.34,424,588,446,620,22,32,0,49,MD,CLT:MD
2026-09-09,DAL,N908DA,2,DFW,BWI,1954.81,669,854,688,885,19,31,6,62,MD,DFW:MD
2026-09-09,DAL,N908DA,3,BWI,DEN,2393.68,947,1175,966,1216,19,41,19,48,MD,BWI:MD
2026-09-09,DAL,N908DA,4,DEN,MIA,2748.54,1264,1510,1279,1537,15,27,15,59,MD,DEN:MD
2026-09-09,DAL,N908DA,5,MIA,JFK,1756.9,1596,1771,1612,1805,16,34,16,48,MD,MIA:MD
2026-09-09,DAL,N761DA,1,EWR,BOS,322.68,406,462,406,469,0,7,0,61,ND,EWR:ND
2026-09-09,DAL,N761DA,2,BOS,PHX,3693.22,530,856,530,856,0,0,0,54,ND,BOS:ND
2026-09-09,DAL,N761DA,3,PHX,ATL,2548.87,910,1140,910,1140,0,0,0,58,ND,PHX:ND
2026-09-09,DAL,N761DA,4,ATL,IAH,1107.07,1198,1327,1198,1347,0,20,0,74,MD,ATL:MD
2026-09-09,DAL,N761DA,5,IAH,JFK,2277.28,1421,1644,1435,1678,14,34,14,42,MD,IAH:MD
2026-09-09,AAL,N711AA,1,MIA,JFK,1756.9,472,638,472,653,0,15,0,66,MD,MIA:MD
2026-09-09,AAL,N711AA,2,JFK,LAX,3974.34,719,1068,719,1084,0,16,0,68,MD,JFK:MD
2026-09-09,AAL,N711AA,3,LAX,IAH,2215.34,1152,1368,1154,1371,2,3,2,54,ND,LAX:ND
2026-09-09,AAL,N711AA,4,IAH,BOS,2566.63,1425,1670,1425,1692,0,22,0,52,MD,IAH:MD
2026-09-09,AAL,N711AA,5,BOS,PHX,3693.22,1744,2082,1744,2083,0,1,0,68,ND,BOS:ND
2026-09-09,SWA,N614SW,1,BOS,EWR,322.68,424,475,424,484,0,9,0,70,ND,BOS:ND
2026-09-09,SWA,N614SW,2,EWR,LAX,3940.63,554,897,554,898,0,1,0,73,ND,EWR:ND
2026-09-09,SWA,N614SW,3,LAX,SFO,543.66,971,1041,990,1080,19,39,0,50,MD,LAX:MD
2026-09-09,SWA,N614SW,4,SFO,JFK,4152.06,1130,1503,1154,1521,24,18,24,49,MD,SFO:MD
2026-09-09,SWA,N614SW,5,JFK,SLC,3193.68,1570,1857,1570,1878,0,21,0,68,MD,JFK:MD
2026-09-09,DAL,N524DA,1,ORD,MIA,1929.51,380,570,395,606,15,36,0,54,MD,ORD:MD
2026-09-09,DAL,N524DA,2,MIA,BOS,2027.83,660,850,669,855,9,5,9,61,ND,MIA:ND
2026-09-09,DAL,N524DA,3,BOS,PHX,3693.22,916,1237,916,1244,0,7,0,58,ND,BOS:ND
2026-09-09,DAL,N524DA,4,PHX,SEA,1781.91,1302,1473,1302,1473,0,0,0,70,ND,PHX:ND
2026-09-09,DAL,N524DA,5,SEA,SFO,1092.94,1543,1657,1579,1711,36,54,0,41,SD,SEA:SD
2026-09-09,AAL,N661AA,1,BWI,BOS,593.84,437,512,469,556,32,44,4,43,MD,BWI:MD
2026-09-09,AAL,N661AA,2,BOS,EWR,322.68,599,668,612,699,13,31,7,69,MD,BOS:MD
2026-09-09,AAL,N661AA,3,EWR,DEN,2576.16,768,1014,873,1127,105,113,0,74,CD,EWR:CD
2026-09-09,AAL,N661AA,4,DEN,MCO,2486.1,1201,1442,1272,1514,71,72,71,55,SD,DEN:SD
2026-09-09,AAL,N661AA,5,MCO,SLC,3103.38,1569,1855,1620,1905,51,50,51,40,SD,MCO:SD
2026-09-09,SWA,N291SW,1,DFW,BOS,2508.97,480,706,480,706,0,0,0,64,ND,DFW:ND
2026-09-09,SWA,N291SW,2,BOS,PHX,3693.22,770,1090,770,1093,0,3,0,62,ND,BOS:ND
2026-09-09,SWA,N291SW,3,PHX,BWI,3209.54,1155,1443,1156,1459,1,16,1,46,MD,PHX:MD
2026-09-09,SWA,N291SW,4,BWI,ATL,927.2,1505,1614,1515,1633,10,19,8,48,MD,BWI:MD
2026-09-09,SWA,N291SW,5,ATL,SFO,3434.95,1681,1990,1688,2010,7,20,7,51,MD,ATL:MD
2026-09-09,SWA,N812SW,1,DTW,LAX,3178.0,435,720,435,740,0,20,0,42,MD,DTW:MD
2026-09-09,SWA,N812SW,2,LAX,JFK,3974.34,782,1125,782,1133,0,8,0,60,ND,LAX:ND
2026-09-09,SWA,N812SW,3,JFK,DFW,2235.03,1193,1408,1193,1408,0,0,0,74,ND,JFK:ND
2026-09-09,SWA,N812SW,4,DFW,MSP,1372.59,1482,1636,1505,1678,23,42,0,52,MD,DFW:MD
2026-09-09,SWA,N812SW,5,MSP,ATL,1459.62,1730,1872,1753,1912,23,40,14,61,MD,MSP:MD
2026-09-09,UAL,N547UA,1,MIA,MSP,2418.24,537,770,537,778,0,8,0,63,ND,MIA:ND
2026-09-09,UAL,N547UA,2,MSP,BWI,1503.77,841,994,846,994,5,0,5,45,ND,MSP:ND
2026-09-09,UAL,N547UA,3,BWI,CLT,580.67,1039,1123,1039,1125,0,2,0,51,ND,BWI:ND
2026-09-09,UAL,N547UA,4,CLT,LAX,3412.6,1176,1477,1234,1536,58,59,1,45,SD,CLT:SD
2026-09-09,UAL,N547UA,5,LAX,SEA,1537.13,1581,1737,1600,1761,19,24,19,68,MD,LAX:MD
2026-09-09,AAL,N806AA,1,MSP,PHX,2051.64,471,668,506,715,35,47,0,43,SD,MSP:SD
2026-09-09,AAL,N806AA,2,PHX,BWI,3209.54,758,1051,773,1081,15,30,15,63,MD,PHX:MD
2026-09-09,AAL,N806AA,3,BWI,ORD,998.05,1144,1253,1209,1329,65,76,21,41,SD,BWI:SD
2026-09-09,AAL,N806AA,4,ORD,SLC,2006.04,1370,1569,1453,1651,83,82,54,42,SD,ORD:SD
2026-09-09,AAL,N806AA,5,SLC,MCO,3103.38,1693,1986,1734,2049,41,63,41,63,SD,SLC:SD
2026-09-09,DAL,N719DA,1,JFK,MSP,1651.36,379,554,379,558,0,4,0,48,ND,JFK:ND
2026-09-09,DAL,N719DA,2,MSP,PHX,2051.64,606,805,659,853,53,48,0,57,SD,MSP:SD
2026-09-09,DAL,N719DA,3,PHX,IAH,1621.03,910,1064,938,1096,28,32,28,51,MD,PHX:MD
2026-09-09,DAL,N719DA,4,IAH,SLC,1922.4,1147,1342,1214,1409,67,67,21,47,SD,IAH:SD
2026-09-09,DAL,N719DA,5,SLC,MIA,3357.7,1456,1763,1496,1804,40,41,40,53,MD,SLC:MD
2026-09-09,SWA,N304SW,1,DEN,JFK,2610.01,473,708,473,722,0,14,0,60,ND,DEN:ND
2026-09-09,SWA,N304SW,2,JFK,DFW,2235.03,782,987,782,1007,0,20,0,75,MD,JFK:MD
2026-09-09,SWA,N304SW,3,DFW,MSP,1372.59,1082,1225,1091,1255,9,30,9,50,MD,DFW:MD
2026-09-09,SWA,N304SW,4,MSP,LAX,2467.47,1305,1547,1320,1570,15,23,15,51,MD,MSP:MD
2026-09-09,SWA,N304SW,5,LAX,BOS,4192.75,1621,1988,1635,2019,14,31,14,47,MD,LAX:MD
2026-09-09,AAL,N342AA,1,DTW,ATL,958.15,501,606,511,620,10,14,0,45,ND,DTW:ND
2026-09-09,AAL,N342AA,2,ATL,PHX,2548.87,665,908,665,913,0,5,0,73,ND,ATL:ND
2026-09-09,AAL,N342AA,3,PHX,IAH,1621.03,986,1158,1012,1186,26,28,3,44,MD,PHX:MD
2026-09-09,AAL,N342AA,4,IAH,MSP,1666.53,1230,1408,1250,1441,20,33,20,44,MD,IAH:MD
2026-09-09,AAL,N342AA,5,MSP,MIA,2418.24,1485,1719,1522,1774,37,55,6,62,SD,MSP:SD
2026-09-09,AAL,N886AA,1,JFK,EWR,33.86,399,435,406,463,7,28,0,50,MD,JFK:MD
2026-09-09,AAL,N886AA,2,EWR,BOS,322.68,513,570,516,581,3,11,3,62,ND,EWR:ND
2026-09-09,AAL,N886AA,3,BOS,ORD,1390.98,643,788,671,828,28,40,7,45,MD,BOS:MD
2026-09-09,AAL,N886AA,4,ORD,DEN,1426.0,873,1029,950,1107,77,78,16,57,SD,ORD:SD
2026-09-09,AAL,N886AA,5,DEN,LAS,1009.02,1164,1288,1237,1373,73,85,27,74,SD,DEN:SD
2026-09-09,AAL,N706AA,1,SLC,JFK,3193.68,367,649,368,666,1,17,1,42,MD,SLC:MD
2026-09-09,AAL,N706AA,2,JFK,LAX,3974.34,708,1068,709,1085,1,17,1,56,MD,JFK:MD
2026-09-09,AAL,N706AA,3,LAX,CLT,3412.6,1141,1457,1141,1457,0,0,0,66,ND,LAX:ND
2026-09-09,AAL,N706AA,4,CLT,ORD,964.31,1523,1640,1566,1705,43,65,0,74,SD,CLT:SD
2026-09-09,AAL,N706AA,5,ORD,EWR,1154.23,1779,1905,1822,1965,43,60,21,70,SD,ORD:SD
2026-09-09,SWA,N404SW,1,MSP,DFW,1372.59,483,631,498,642,15,11,0,53,ND,MSP:ND
2026-09-09,SWA,N404SW,2,DFW,ORD,1290.0,695,833,695,852,0,19,0,60,MD,DFW:MD
2026-09-09,SWA,N404SW,3,ORD,LAX,2801.93,912,1172,935,1198,23,26,0,65,MD,ORD:MD
2026-09-09,SWA,N404SW,4,LAX,BWI,3739.99,1263,1603,1265,1604,2,1,0,75,ND,LAX:ND
2026-09-09,SWA,N404SW,5,BWI,SFO,3944.61,1679,2033,1723,2076,44,43,0,47,MD,BWI:MD
2026-09-09,AAL,N199AA,1,ORD,MCO,1619.56,400,564,419,580,19,16,0,60,MD,ORD:MD
2026-09-09,AAL,N199AA,2,MCO,MIA,309.97,640,704,640,724,0,20,0,72,MD,MCO:MD
2026-09-09,AAL,N199AA,3,MIA,EWR,1749.72,796,969,827,1022,31,53,0,71,SD,MIA:SD
2026-09-09,AAL,N199AA,4,EWR,SEA,3854.51,1093,1438,1104,1448,11,10,11,72,ND,EWR:ND
2026-09-09,AAL,N199AA,5,SEA,BOS,4005.08,1520,1871,1541,1893,21,22,0,62,MD,SEA:MD
2026-09-09,SWA,N711SW,1,DTW,MCO,1543.9,394,550,394,553,0,3,0,63,ND,DTW:ND
2026-09-09,SWA,N711SW,2,MCO,IAH,1371.65,616,751,627,771,11,20,0,65,MD,MCO:MD
2026-09-09,SWA,N711SW,3,IAH,ATL,1107.07,836,955,836,955,0,0,0,63,ND,IAH:ND
2026-09-09,SWA,N711SW,4,ATL,DEN,1926.35,1018,1209,1018,1218,0,9,0,72,ND,ATL:ND
2026-09-09,SWA,N711SW,5,DEN,SFO,1552.95,1290,1447,1305,1457,15,10,4,47,ND,DEN:ND
2026-09-09,SWA,N482SW,1,CLT,IAH,1466.22,490,644,504,651,14,7,0,72,ND,CLT:ND
2026-09-09,SWA,N482SW,2,IAH,PHX,1621.03,723,881,723,889,0,8,0,61,ND,IAH:ND
2026-09-09,SWA,N482SW,3,PHX,JFK,3457.99,950,1265,951,1274,1,9,1,49,ND,PHX:ND
2026-09-09,SWA,N482SW,4,JFK,SFO,4152.06,1323,1684,1323,1686,0,2,0,60,ND,JFK:ND
2026-09-09,SWA,N482SW,5,SFO,MCO,3929.5,1746,2090,1746,2105,0,15,0,65,MD,SFO:MD
2026-09-09,UAL,N707UA,1,CLT,BOS,1170.46,364,493,364,498,0,5,0,61,ND,CLT:ND
2026-09-09,UAL,N707UA,2,BOS,SLC,3379.21,559,872,559,887,0,15,0,59,MD,BOS:MD
2026-09-09,UAL,N707UA,3,SLC,DTW,2377.74,946,1181,956,1191,10,10,10,41,ND,SLC:ND
2026-09-09,UAL,N707UA,4,DTW,MCO,1543.9,1232,1400,1232,1410,0,10,0,54,ND,DTW:ND
2026-09-09,UAL,N707UA,5,MCO,SEA,4104.64,1464,1832,1466,1849,2,17,2,50,MD,MCO:MD
2026-09-09,SWA,N251SW,1,SEA,ORD,2761.75,440,698,441,698,1,0,1,49,ND,SEA:ND
2026-09-09,SWA,N251SW,2,ORD,DEN,1426.0,747,899,747,920,0,21,0,72,MD,ORD:MD
2026-09-09,SWA,N251SW,3,DEN,SFO,1552.95,992,1156,1007,1179,15,23,15,43,MD,DEN:MD
2026-09-09,SWA,N251SW,4,SFO,ATL,3434.95,1222,1527,1233,1551,11,24,0,75,MD,SFO:MD
2026-09-09,SWA,N251SW,5,ATL,BWI,927.2,1626,1740,1626,1762,0,22,0,73,MD,ATL:MD
2026-09-09,AAL,N570AA,1,IAH,CLT,1466.22,483,631,495,644,12,13,0,55,ND,IAH:ND
2026-09-09,AAL,N570AA,2,CLT,BWI,580.67,699,777,699,791,0,14,0,59,ND,CLT:ND
2026-09-09,AAL,N570AA,3,BWI,PHX,3209.54,850,1137,852,1142,2,5,0,71,ND,BWI:ND
2026-09-09,AAL,N570AA,4,PHX,LAS,411.31,1213,1287,1218,1302,5,15,0,57,MD,PHX:MD
2026-09-09,AAL,N570AA,5,LAS,MCO,3276.28,1359,1663,1359,1667,0,4,0,64,ND,LAS:ND
2026-09-09,UAL,N891UA,1,JFK,MCO,1521.35,473,639,473,639,0,0,0,56,ND,JFK:ND
2026-09-09,UAL,N891UA,2,MCO,ORD,1619.56,695,855,710,879,15,24,0,74,MD,MCO:MD
2026-09-09,UAL,N891UA,3,ORD,SLC,2006.04,953,1146,1014,1222,61,76,14,48,SD,ORD:SD
2026-09-09,UAL,N891UA,4,SLC,DFW,1589.25,1270,1440,1353,1536,83,96,44,55,CD,SLC:CD
2026-09-09,UAL,N891UA,5,DFW,LAX,1982.96,1591,1790,1651,1843,60,53,60,54,SD,DFW:SD
2026-09-09,DAL,N523DA,1,CLT,DTW,806.1,400,502,400,502,0,0,0,70,ND,CLT:ND
2026-09-09,DAL,N523DA,2,DTW,DEN,1802.36,572,750,591,762,19,12,0,60,ND,DTW:ND
2026-09-09,DAL,N523DA,3,DEN,JFK,2610.01,822,1057,822,1072,0,15,0,54,MD,DEN:MD
2026-09-09,DAL,N523DA,4,JFK,ATL,1221.92,1126,1249,1130,1271,4,22,4,51,MD,JFK:MD
2026-09-09,DAL,N523DA,5,ATL,LAS,2804.88,1322,1576,1337,1595,15,19,15,42,MD,ATL:MD
2026-09-09,SWA,N290SW,1,MCO,ORD,1619.56,445,608,445,617,0,9,0,69,ND,MCO:ND
2026-09-09,SWA,N290SW,2,ORD,ATL,975.52,686,805,686,805,0,0,0,71,ND,ORD:ND
2026-09-09,SWA,N290SW,3,ATL,BWI,927.2,876,991,902,1034,26,43,0,69,MD,ATL:MD
2026-09-09,SWA,N290SW,4,BWI,DEN,2393.68,1103,1322,1134,1359,31,37,14,61,MD,BWI:MD
2026-09-09,SWA,N290SW,5,DEN,MSP,1092.86,1420,1552,1435,1559,15,7,15,56,ND,DEN:ND
2026-09-09,UAL,N909UA,1,MCO,SLC,3103.38,469,758,471,773,2,15,0,60,MD,MCO:MD
2026-09-09,UAL,N909UA,2,SLC,SFO,962.09,833,937,837,948,4,11,4,51,ND,SLC:ND
2026-09-09,UAL,N909UA,3,SFO,LAX,543.66,999,1077,1015,1097,16,20,0,55,MD,SFO:MD
2026-09-09,UAL,N909UA,4,LAX,MIA,3762.88,1152,1485,1152,1507,0,22,0,68,MD,LAX:MD
2026-09-09,UAL,N909UA,5,MIA,EWR,1749.72,1575,1749,1576,1760,1,11,1,59,ND,MIA:ND
2026-09-09,DAL,N367DA,1,PHX,SEA,1781.91,400,579,400,599,0,20,0,72,MD,PHX:MD
2026-09-09,DAL,N367DA,2,SEA,ORD,2761.75,671,925,683,959,12,34,12,47,MD,SEA:MD
2026-09-09,DAL,N367DA,3,ORD,DEN,1426.0,1006,1154,1012,1159,6,5,6,63,ND,ORD:ND
2026-09-09,DAL,N367DA,4,DEN,MSP,1092.86,1222,1338,1252,1383,30,45,0,70,SD,DEN:SD
2026-09-09,DAL,N367DA,5,MSP,JFK,1651.36,1453,1629,1467,1652,14,23,14,63,MD,MSP:MD
2026-09-09,SWA,N875SW,1,IAH,SFO,2627.7,540,786,540,786,0,0,0,44,ND,IAH:ND
2026-09-09,SWA,N875SW,2,SFO,SEA,1092.94,830,943,830,943,0,0,0,75,ND,SFO:ND
2026-09-09,SWA,N875SW,3,SEA,DFW,2667.82,1018,1274,1045,1303,27,29,0,74,MD,SEA:MD
2026-09-09,SWA,N875SW,4,DFW,MSP,1372.59,1377,1527,1438,1586,61,59,0,68,SD,DFW:SD
2026-09-09,SWA,N875SW,5,MSP,LAS,2087.72,1654,1864,1698,1916,44,52,16,71,SD,MSP:SD
2026-09-09,SWA,N928SW,1,ORD,MSP,537.35,504,572,504,589,0,17,0,75,MD,ORD:MD
2026-09-09,SWA,N928SW,2,MSP,JFK,1651.36,664,830,676,860,12,30,12,41,MD,MSP:MD
2026-09-09,SWA,N928SW,3,JFK,BOS,299.83,901,949,914,955,13,6,13,53,ND,JFK:ND
2026-09-09,SWA,N928SW,4,BOS,EWR,322.68,1008,1071,1008,1080,0,9,0,62,ND,BOS:ND
2026-09-09,SWA,N928SW,5,EWR,SEA,3854.51,1142,1476,1148,1489,6,13,6,44,ND,EWR:ND
2026-09-09,DAL,N393DA,1,EWR,LAX,3940.63,457,811,457,824,0,13,0,64,ND,EWR:ND
2026-09-09,DAL,N393DA,2,LAX,JFK,3974.34,888,1247,894,1256,6,9,6,48,ND,LAX:ND
2026-09-09,DAL,N393DA,3,JFK,BWI,295.51,1304,1355,1304,1359,0,4,0,51,ND,JFK:ND
2026-09-09,DAL,N393DA,4,BWI,PHX,3209.54,1410,1707,1410,1707,0,0,0,48,ND,BWI:ND
2026-09-09,DAL,N393DA,5,PHX,MSP,2051.64,1755,1944,1755,1950,0,6,0,41,ND,PHX:ND
2026-09-09,SWA,N644SW,1,MIA,SEA,4379.54,430,811,480,874,50,63,0,47,SD,MIA:SD
2026-09-09,SWA,N644SW,2,SEA,SLC,1106.6,921,1047,977,1097,56,50,45,41,SD,SEA:SD
2026-09-09,SWA,N644SW,3,SLC,MSP,1591.57,1138,1293,1174,1342,36,49,36,42,SD,SLC:SD
2026-09-09,SWA,N644SW,4,MSP,PHX,2051.64,1384,1574,1409,1603,25,29,25,55,MD,MSP:MD
2026-09-09,SWA,N644SW,5,PHX,DFW,1393.44,1658,1808,1669,1835,11,27,11,54,MD,PHX:MD
2026-09-09,DAL,N243DA,1,BOS,MCO,1805.67,437,610,464,638,27,28,0,73,MD,BOS:MD
2026-09-09,DAL,N243DA,2,MCO,SEA,4104.64,711,1072,731,1102,20,30,20,43,MD,MCO:MD
2026-09-09,DAL,N243DA,3,SEA,CLT,3660.38,1145,1467,1145,1467,0,0,0,67,ND,SEA:ND
2026-09-09,DAL,N243DA,4,CLT,BWI,580.67,1534,1616,1534,1618,0,2,0,64,ND,CLT:ND
2026-09-09,DAL,N243DA,5,BWI,DEN,2393.68,1682,1911,1723,1956,41,45,0,66,SD,BWI:SD
2026-09-09,AAL,N872AA,1,IAH,DTW,1730.29,396,573,416,615,20,42,20,43,MD,IAH:MD
2026-09-09,AAL,N872AA,2,DTW,SEA,3092.66,658,943,658,947,0,4,0,75,ND,DTW:ND
2026-09-09,AAL,N872AA,3,SEA,BWI,3748.12,1022,1353,1033,1376,11,23,0,56,MD,SEA:MD
2026-09-09,AAL,N872AA,4,BWI,MCO,1268.78,1432,1560,1432,1560,0,0,0,68,ND,BWI:ND
2026-09-09,AAL,N872AA,5,MCO,EWR,1510.14,1628,1790,1638,1804,10,14,0,52,ND,MCO:ND
2026-09-09,DAL,N994DA,1,DFW,SFO,2352.0,445,667,461,681,16,14,0,40,ND,DFW:ND
2026-09-09,DAL,N994DA,2,SFO,IAH,2627.7,721,959,721,973,0,14,0,70,ND,SFO:ND
2026-09-09,DAL,N994DA,3,IAH,SLC,1922.4,1043,1240,1045,1241,2,1,2,53,ND,IAH:ND
2026-09-09,DAL,N994DA,4,SLC,DTW,2377.74,1294,1526,1294,1530,0,4,0,60,ND,SLC:ND
2026-09-09,DAL,N994DA,5,DTW,DEN,1802.36,1590,1773,1590,1774,0,1,0,74,ND,DTW:ND
2026-09-09,UAL,N468UA,1,BOS,DTW,1014.75,441,553,463,568,22,15,0,63,MD,BOS:MD
2026-09-09,UAL,N468UA,2,DTW,MSP,848.05,631,741,632,741,1,0,1,54,ND,DTW:ND
2026-09-09,UAL,N468UA,3,MSP,DEN,1092.86,795,915,795,925,0,10,0,75,ND,MSP:ND
2026-09-09,UAL,N468UA,4,DEN,SLC,627.77,1000,1088,1007,1097,7,9,0,58,ND,DEN:ND
2026-09-09,UAL,N468UA,5,SLC,MIA,3357.7,1155,1455,1155,1455,0,0,0,64,ND,SLC:ND
2026-09-09,SWA,N663SW,1,CLT,LAS,3076.67,450,726,450,733,0,7,0,48,ND,CLT:ND
2026-09-09,SWA,N663SW,2,LAS,DTW,2807.85,781,1035,781,1057,0,22,0,74,MD,LAS:MD
2026-09-09,SWA,N663SW,3,DTW,IAH,1730.29,1131,1295,1175,1358,44,63,0,73,SD,DTW:SD
2026-09-09,SWA,N663SW,4,IAH,MSP,1666.53,1431,1591,1476,1641,45,50,45,43,SD,IAH:SD
2026-09-09,SWA,N663SW,5,MSP,DFW,1372.59,1684,1822,1742,1876,58,54,27,54,SD,MSP:SD
2026-09-09,DAL,N323DA,1,BOS,MSP,1803.89,484,653,484,658,0,5,0,40,ND,BOS:ND
2026-09-09,DAL,N323DA,2,MSP,PHX,2051.64,698,887,701,890,3,3,3,41,ND,MSP:ND
2026-09-09,DAL,N323DA,3,PHX,ORD,2312.89,931,1158,958,1203,27,45,0,58,SD,PHX:SD
2026-09-09,DAL,N323DA,4,ORD,DTW,376.5,1261,1329,1303,1366,42,37,26,51,MD,ORD:MD
2026-09-09,DAL,N323DA,5,DTW,CLT,806.1,1417,1522,1461,1577,44,55,22,49,SD,DTW:SD
2026-09-09,UAL,N934UA,1,PHX,LAS,411.31,477,552,477,552,0,0,0,55,ND,PHX:ND
2026-09-09,UAL,N934UA,2,LAS,MIA,3494.55,607,920,607,939,0,19,0,45,MD,LAS:MD
2026-09-09,UAL,N934UA,3,MIA,DFW,1802.65,984,1173,1017,1210,33,37,13,42,MD,MIA:MD
2026-09-09,UAL,N934UA,4,DFW,BWI,1954.81,1252,1445,1252,1457,0,12,0,75,ND,DFW:ND
2026-09-09,UAL,N934UA,5,BWI,SFO,3944.61,1532,1872,1611,1970,79,98,3,50,CD,BWI:CD
2026-09-09,SWA,N760SW,1,CLT,SLC,2773.68,414,678,440,725,26,47,0,70,SD,CLT:SD
2026-09-09,SWA,N760SW,2,SLC,DEN,627.77,795,872,816,903,21,31,21,57,MD,SLC:MD
2026-09-09,SWA,N760SW,3,DEN,BOS,2815.59,960,1211,976,1229,16,18,16,51,MD,DEN:MD
2026-09-09,SWA,N760SW,4,BOS,ORD,1390.98,1280,1416,1284,1436,4,20,4,53,MD,BOS:MD
2026-09-09,SWA,N760SW,5,ORD,IAH,1489.35,1489,1645,1544,1710,55,65,14,44,SD,ORD:SD
2026-09-09,AAL,N680AA,1,MIA,IAH,1549.36,536,686,536,689,0,3,0,72,ND,MIA:ND
2026-09-09,AAL,N680AA,2,IAH,CLT,1466.22,761,904,762,923,1,19,1,46,MD,IAH:MD
2026-09-09,AAL,N680AA,3,CLT,BWI,580.67,969,1042,969,1053,0,11,0,61,ND,CLT:ND
2026-09-09,AAL,N680AA,4,BWI,JFK,295.51,1114,1181,1114,1183,0,2,0,65,ND,BWI:ND
2026-09-09,AAL,N680AA,5,JFK,BOS,299.83,1248,1296,1248,1302,0,6,0,57,ND,JFK:ND
2026-09-09,SWA,N333SW,1,PHX,IAH,1621.03,509,675,522,689,13,14,13,45,ND,PHX:ND
2026-09-09,SWA,N333SW,2,IAH,MIA,1549.36,734,889,766,917,32,28,10,44,MD,IAH:MD
2026-09-09,SWA,N333SW,3,MIA,EWR,1749.72,961,1137,977,1155,16,18,16,49,MD,MIA:MD
2026-09-09,SWA,N333SW,4,EWR,LAX,3940.63,1204,1555,1310,1683,106,128,11,46,CD,EWR:CD
2026-09-09,SWA,N333SW,5,LAX,CLT,3412.6,1729,2036,1798,2105,69,69,69,68,SD,LAX:SD
2026-09-09,DAL,N235DA,1,DFW,LAX,1982.96,366,551,366,562,0,11,0,62,ND,DFW:ND
2026-09-09,DAL,N235DA,2,LAX,EWR,3940.63,624,983,624,983,0,0,0,60,ND,LAX:ND
2026-09-09,DAL,N235DA,3,EWR,MSP,1618.5,1043,1206,1043,1206,0,0,0,66,ND,EWR:ND
2026-09-09,DAL,N235DA,4,MSP,IAH,1666.53,1272,1447,1272,1447,0,0,0,55,ND,MSP:ND
2026-09-09,DAL,N235DA,5,IAH,ORD,1489.35,1502,1658,1511,1668,9,10,0,50,ND,IAH:ND
2026-09-09,UAL,N604UA,1,JFK,DFW,2235.03,436,654,436,676,0,22,0,44,MD,JFK:MD
2026-09-09,UAL,N604UA,2,DFW,LAX,1982.96,720,910,720,910,0,0,0,71,ND,DFW:ND
2026-09-09,UAL,N604UA,3,LAX,EWR,3940.63,981,1335,990,1336,9,1,0,46,ND,LAX:ND
2026-09-09,UAL,N604UA,4,EWR,LAS,3575.53,1382,1705,1382,1709,0,4,0,61,ND,EWR:ND
2026-09-09,UAL,N604UA,5,LAS,SFO,665.02,1770,1858,1790,1896,20,38,0,68,MD,LAS:MD
2026-09-09,AAL,N407AA,1,CLT,SFO,3687.27,441,769,441,786,0,17,0,71,MD,CLT:MD
2026-09-09,AAL,N407AA,2,SFO,DTW,3337.38,857,1155,857,1173,0,18,0,60,MD,SFO:MD
2026-09-09,AAL,N407AA,3,DTW,BWI,657.09,1233,1322,1235,1334,2,12,0,63,ND,DTW:ND
2026-09-09,AAL,N407AA,4,BWI,LAX,3739.99,1397,1727,1421,1767,24,40,0,74,MD,BWI:MD
2026-09-09,AAL,N407AA,5,LAX,SLC,949.5,1841,1958,1869,1992,28,34,28,41,MD,LAX:MD
2026-09-09,AAL,N548AA,1,MCO,DFW,1582.71,437,595,437,609,0,14,0,56,ND,MCO:ND
2026-09-09,AAL,N548AA,2,DFW,EWR,2204.25,665,879,670,895,5,16,0,64,MD,DFW:MD
2026-09-09,AAL,N548AA,3,EWR,DTW,783.32,959,1061,959,1082,0,21,0,65,MD,EWR:MD
2026-09-09,AAL,N548AA,4,DTW,JFK,816.97,1147,1250,1208,1333,61,83,0,74,SD,DTW:SD
2026-09-09,AAL,N548AA,5,JFK,CLT,870.66,1407,1512,1437,1563,30,51,30,74,SD,JFK:SD
2026-09-09,DAL,N211DA,1,SEA,PHX,1781.91,444,624,460,640,16,16,0,46,MD,SEA:MD
2026-09-09,DAL,N211DA,2,PHX,LAX,594.56,686,765,686,774,0,9,0,72,ND,PHX:ND
2026-09-09,DAL,N211DA,3,LAX,ORD,2801.93,846,1113,846,1117,0,4,0,54,ND,LAX:ND
2026-09-09,DAL,N211DA,4,ORD,MIA,1929.51,1171,1364,1188,1373,17,9,0,72,ND,ORD:ND
2026-09-09,DAL,N211DA,5,MIA,DTW,1847.28,1445,1632,1475,1683,30,51,5,46,SD,MIA:SD
2026-09-09,DAL,N218DA,1,JFK,PHX,3457.99,412,729,420,732,8,3,0,70,ND,JFK:ND
2026-09-09,DAL,N218DA,2,PHX,MCO,2969.54,802,1078,817,1094,15,16,0,68,MD,PHX:MD
2026-09-09,DAL,N218DA,3,MCO,CLT,755.04,1162,1248,1213,1301,51,53,9,47,SD,MCO:SD
2026-09-09,DAL,N218DA,4,CLT,MSP,1496.28,1348,1512,1385,1546,37,34,37,46,MD,CLT:MD
2026-09-09,DAL,N218DA,5,MSP,MIA,2418.24,1592,1817,1610,1832,18,15,0,73,MD,MSP:MD
2026-09-09,UAL,N673UA,1,EWR,MSP,1618.5,523,690,548,726,25,36,0,65,MD,EWR:MD
2026-09-09,UAL,N673UA,2,MSP,SEA,2244.65,791,1001,793,1007,2,6,2,68,ND,MSP:ND
2026-09-09,UAL,N673UA,3,SEA,MIA,4379.54,1075,1450,1088,1479,13,29,0,53,MD,SEA:MD
2026-09-09,UAL,N673UA,4,MIA,LAX,3762.88,1532,1860,1551,1888,19,28,19,46,MD,MIA:MD
2026-09-09,UAL,N673UA,5,LAX,DFW,1982.96,1934,2122,1940,2134,6,12,2,63,ND,LAX:ND
2026-09-09,DAL,N368DA,1,DTW,BOS,1014.75,389,506,389,517,0,11,0,62,ND,DTW:ND
2026-09-09,DAL,N368DA,2,BOS,CLT,1170.46,579,702,579,712,0,10,0,59,ND,BOS:ND
2026-09-09,DAL,N368DA,3,CLT,MIA,1049.17,771,881,804,913,33,32,4,48,MD,CLT:MD
2026-09-09,DAL,N368DA,4,MIA,SLC,3357.7,961,1263,1008,1324,47,61,21,47,SD,MIA:SD
2026-09-09,DAL,N368DA,5,SLC,MCO,3103.38,1371,1648,1387,1675,16,27,16,72,MD,SLC:MD
2026-09-09,AAL,N688AA,1,MIA,EWR,1749.72,402,581,412,593,10,12,0,58,ND,MIA:ND
2026-09-09,AAL,N688AA,2,EWR,LAX,3940.63,651,1005,659,1035,8,30,8,43,MD,EWR:MD
2026-09-09,AAL,N688AA,3,LAX,DTW,3178.0,1078,1357,1098,1395,20,38,0,71,MD,LAX:MD
2026-09-09,AAL,N688AA,4,DTW,IAH,1730.29,1466,1641,1466,1648,0,7,0,75,ND,DTW:ND
2026-09-09,AAL,N688AA,5,IAH,LAS,1963.17,1723,1918,1723,1936,0,18,0,71,MD,IAH:MD
2026-09-09,SWA,N600SW,1,LAX,DFW,1982.96,430,620,470,676,40,56,0,74,SD,LAX:SD
2026-09-09,SWA,N600SW,2,DFW,ATL,1174.74,750,882,764,891,14,9,14,71,ND,DFW:ND
2026-09-09,SWA,N600SW,3,ATL,SEA,3504.75,962,1285,999,1331,37,46,4,47,SD,ATL:SD
2026-09-09,SWA,N600SW,4,SEA,MCO,4104.64,1378,1742,1382,1742,4,0,4,74,ND,SEA:ND
2026-09-09,SWA,N600SW,5,MCO,IAH,1371.65,1816,1964,1862,2015,46,51,0,74,SD,MCO:SD
2026-09-09,DAL,N853DA,1,SEA,MCO,4104.64,382,749,382,749,0,0,0,47,ND,SEA:ND
2026-09-09,DAL,N853DA,2,MCO,ORD,1619.56,796,956,796,967,0,11,0,62,ND,MCO:ND
2026-09-09,DAL,N853DA,3,ORD,MSP,537.35,1029,1116,1032,1116,3,0,0,67,ND,ORD:ND
2026-09-09,DAL,N853DA,4,MSP,LAS,2087.72,1183,1381,1183,1391,0,10,0,53,ND,MSP:ND
2026-09-09,DAL,N853DA,5,LAS,LAX,380.24,1444,1510,1490,1565,46,55,0,74,SD,LAS:SD
2026-09-09,AAL,N431AA,1,MCO,BWI,1268.78,465,592,465,592,0,0,0,57,ND,MCO:ND
2026-09-09,AAL,N431AA,2,BWI,LAS,3381.13,649,948,699,1000,50,52,0,55,SD,BWI:SD
2026-09-09,AAL,N431AA,3,LAS,BOS,3822.26,1055,1392,1072,1419,17,27,17,65,MD,LAS:MD
2026-09-09,AAL,N431AA,4,BOS,DEN,2815.59,1484,1754,1491,1765,7,11,7,57,ND,BOS:ND
2026-09-09,AAL,N431AA,5,DEN,DFW,1031.3,1822,1943,1829,1970,7,27,7,44,MD,DEN:MD
2026-09-09,DAL,N512DA,1,BOS,LAS,3822.26,508,838,509,845,1,7,1,45,ND,BOS:ND
2026-09-09,DAL,N512DA,2,LAS,PHX,411.31,890,967,890,984,0,17,0,62,MD,LAS:MD
2026-09-09,DAL,N512DA,3,PHX,MSP,2051.64,1046,1252,1063,1274,17,22,0,65,MD,PHX:MD
2026-09-09,DAL,N512DA,4,MSP,DTW,848.05,1339,1437,1357,1473,18,36,0,71,MD,MSP:MD
2026-09-09,DAL,N512DA,5,DTW,LAX,3178.0,1544,1832,1553,1837,9,5,9,61,ND,DTW:ND
2026-09-09,SWA,N907SW,1,CLT,ORD,964.31,391,498,391,520,0,22,0,68,MD,CLT:MD
2026-09-09,SWA,N907SW,2,ORD,SLC,2006.04,588,786,596,815,8,29,8,52,MD,ORD:MD
2026-09-09,SWA,N907SW,3,SLC,DEN,627.77,867,946,901,1001,34,55,6,59,SD,SLC:SD
2026-09-09,SWA,N907SW,4,DEN,MSP,1092.86,1060,1180,1099,1219,39,39,39,45,MD,DEN:MD
2026-09-09,SWA,N907SW,5,MSP,ATL,1459.62,1264,1407,1274,1429,10,22,10,63,MD,MSP:MD
2026-09-09,AAL,N153AA,1,MIA,MCO,309.97,384,433,384,433,0,0,0,53,ND,MIA:ND
2026-09-09,AAL,N153AA,2,MCO,SEA,4104.64,486,857,486,863,0,6,0,54,ND,MCO:ND
2026-09-09,AAL,N153AA,3,SEA,EWR,3854.51,917,1250,921,1272,4,22,4,40,MD,SEA:MD
2026-09-09,AAL,N153AA,4,EWR,DFW,2204.25,1312,1516,1312,1523,0,7,0,67,ND,EWR:ND
2026-09-09,AAL,N153AA,5,DFW,PHX,1393.44,1590,1728,1590,1743,0,15,0,54,MD,DFW:MD
2026-09-09,DAL,N205DA,1,CLT,PHX,2848.18,394,666,399,681,5,15,0,49,MD,CLT:MD
2026-09-09,DAL,N205DA,2,PHX,MCO,2969.54,730,992,735,1012,5,20,5,50,MD,PHX:MD
2026-09-09,DAL,N205DA,3,MCO,JFK,1521.35,1062,1214,1072,1235,10,21,10,49,MD,MCO:MD
2026-09-09,DAL,N205DA,4,JFK,MIA,1756.9,1284,1463,1329,1503,45,40,7,53,MD,JFK:MD
2026-09-09,DAL,N205DA,5,MIA,DTW,1847.28,1556,1732,1582,1762,26,30,26,47,MD,MIA:MD
2026-09-09,UAL,N539UA,1,CLT,JFK,870.66,501,614,501,628,0,14,0,58,ND,CLT:ND
2026-09-09,UAL,N539UA,2,JFK,SEA,3886.59,686,1021,694,1040,8,19,0,59,MD,JFK:MD
2026-09-09,UAL,N539UA,3,SEA,LAS,1394.76,1099,1251,1105,1258,6,7,6,52,ND,SEA:ND
2026-09-09,UAL,N539UA,4,LAS,DFW,1694.7,1310,1490,1315,1512,5,22,5,43,MD,LAS:MD
2026-09-09,UAL,N539UA,5,DFW,DEN,1031.3,1555,1669,1555,1669,0,0,0,71,ND,DFW:ND
2026-09-09,SWA,N753SW,1,BWI,DFW,1954.81,441,626,441,636,0,10,0,64,ND,BWI:ND
2026-09-09,SWA,N753SW,2,DFW,BOS,2508.97,700,938,700,938,0,0,0,63,ND,DFW:ND
2026-09-09,SWA,N753SW,3,BOS,ATL,1521.01,1001,1162,1033,1188,32,26,0,44,MD,BOS:MD
2026-09-09,SWA,N753SW,4,ATL,PHX,2548.87,1232,1460,1247,1496,15,36,7,56,MD,ATL:MD
2026-09-09,SWA,N753SW,5,PHX,MSP,2051.64,1552,1742,1557,1759,5,17,5,65,MD,PHX:MD
2026-09-09,SWA,N533SW,1,MIA,DFW,1802.65,439,610,439,627,0,17,0,72,MD,MIA:MD
2026-09-09,SWA,N533SW,2,DFW,IAH,361.63,699,756,727,794,28,38,0,74,MD,DFW:MD
2026-09-09,SWA,N533SW,3,IAH,JFK,2277.28,868,1095,904,1136,36,41,27,44,MD,IAH:MD
2026-09-09,SWA,N533SW,4,JFK,LAS,3609.32,1180,1500,1224,1565,44,65,29,43,SD,JFK:SD
2026-09-09,SWA,N533SW,5,LAS,ORD,2431.39,1608,1840,1652,1895,44,55,44,47,SD,LAS:SD
2026-09-09,DAL,N416DA,1,LAX,DEN,1384.92,487,633,487,651,0,18,0,73,MD,LAX:MD
2026-09-09,DAL,N416DA,2,DEN,ATL,1926.35,724,911,731,933,7,22,7,50,MD,DEN:MD
2026-09-09,DAL,N416DA,3,ATL,JFK,1221.92,983,1113,996,1118,13,5,13,47,ND,ATL:ND
2026-09-09,DAL,N416DA,4,JFK,IAH,2277.28,1165,1382,1180,1391,15,9,0,67,ND,JFK:ND
2026-09-09,DAL,N416DA,5,IAH,DFW,361.63,1458,1519,1464,1533,6,14,6,44,ND,IAH:ND
2026-09-09,UAL,N156UA,1,DTW,SLC,2377.74,386,619,392,633,6,14,0,47,ND,DTW:ND
2026-09-09,UAL,N156UA,2,SLC,LAX,949.5,680,780,690,782,10,2,10,42,ND,SLC:ND
2026-09-09,UAL,N156UA,3,LAX,PHX,594.56,824,903,825,908,1,5,1,42,ND,LAX:ND
2026-09-09,UAL,N156UA,4,PHX,IAH,1621.03,950,1108,950,1127,0,19,0,51,MD,PHX:MD
2026-09-09,UAL,N156UA,5,IAH,JFK,2277.28,1178,1386,1178,1400,0,14,0,75,ND,IAH:ND
2026-09-09,SWA,N329SW,1,CLT,SEA,3660.38,379,714,389,737,10,23,0,63,MD,CLT:MD
2026-09-09,SWA,N329SW,2,SEA,EWR,3854.51,800,1134,830,1172,30,38,10,51,MD,SEA:MD
2026-09-09,SWA,N329SW,3,EWR,BWI,271.19,1223,1270,1252,1305,29,35,7,65,MD,EWR:MD
2026-09-09,SWA,N329SW,4,BWI,LAS,3381.13,1370,1674,1396,1709,26,35,11,59,MD,BWI:MD
2026-09-09,SWA,N329SW,5,LAS,IAH,1963.17,1768,1964,1793,1990,25,26,25,40,MD,LAS:MD
2026-09-09,UAL,N857UA,1,BWI,SEA,3748.12,410,751,422,784,12,33,0,55,MD,BWI:MD
2026-09-09,UAL,N857UA,2,SEA,MSP,2244.65,839,1056,867,1087,28,31,23,41,MD,SEA:MD
2026-09-09,UAL,N857UA,3,MSP,PHX,2051.64,1128,1337,1150,1351,22,14,22,40,ND,MSP:ND
2026-09-09,UAL,N857UA,4,PHX,DTW,2683.7,1391,1642,1401,1660,10,18,0,59,MD,PHX:MD
2026-09-09,UAL,N857UA,5,DTW,MIA,1847.28,1719,1898,1719,1898,0,0,0,66,ND,DTW:ND
2026-09-09,AAL,N828AA,1,LAS,DFW,1694.7,455,629,455,637,0,8,0,45,ND,LAS:ND
2026-09-09,AAL,N828AA,2,DFW,ORD,1290.0,682,814,683,825,1,11,0,65,ND,DFW:ND
2026-09-09,AAL,N828AA,3,ORD,SEA,2761.75,890,1136,890,1136,0,0,0,67,ND,ORD:ND
2026-09-09,AAL,N828AA,4,SEA,EWR,3854.51,1203,1543,1229,1571,26,28,0,58,MD,SEA:MD
2026-09-09,AAL,N828AA,5,EWR,PHX,3424.67,1629,1939,1665,1975,36,36,5,60,MD,EWR:MD
2026-09-09,AAL,N176AA,1,SFO,JFK,4152.06,475,846,475,855,0,9,0,60,ND,SFO:ND
2026-09-09,AAL,N176AA,2,JFK,DEN,2610.01,915,1159,915,1165,0,6,0,53,ND,JFK:ND
2026-09-09,AAL,N176AA,3,DEN,SLC,627.77,1218,1301,1271,1371,53,70,2,47,SD,DEN:SD
2026-09-09,AAL,N176AA,4,SLC,IAH,1922.4,1418,1605,1468,1674,50,69,50,42,SD,SLC:SD
2026-09-09,AAL,N176AA,5,IAH,DFW,361.63,1716,1779,1778,1840,62,61,45,49,SD,IAH:SD
2026-09-09,UAL,N505UA,1,BOS,ORD,1390.98,463,613,463,613,0,0,0,75,ND,BOS:ND
2026-09-09,UAL,N505UA,2,ORD,MCO,1619.56,688,845,709,883,21,38,0,69,MD,ORD:MD
2026-09-09,UAL,N505UA,3,MCO,LAS,3276.28,952,1243,1032,1341,80,98,25,47,CD,MCO:CD
2026-09-09,UAL,N505UA,4,LAS,LAX,380.24,1388,1450,1488,1554,100,104,67,48,CD,LAS:CD
2026-09-09,UAL,N505UA,5,LAX,ATL,3125.8,1602,1888,1676,1962,74,74,74,45,SD,LAX:SD
2026-09-09,DAL,N122DA,1,DFW,SFO,2352.0,444,660,444,660,0,0,0,42,ND,DFW:ND
2026-09-09,DAL,N122DA,2,SFO,MSP,2551.59,702,936,702,940,0,4,0,67,ND,SFO:ND
2026-09-09,DAL,N122DA,3,MSP,JFK,1651.36,1007,1179,1009,1186,2,7,2,41,ND,MSP:ND
2026-09-09,DAL,N122DA,4,JFK,BWI,295.51,1227,1280,1328,1378,101,98,0,62,CD,JFK:CD
2026-09-09,DAL,N122DA,5,BWI,IAH,1985.05,1440,1631,1498,1685,58,54,58,57,SD,BWI:SD
2026-09-09,DAL,N728DA,1,BWI,SEA,3748.12,500,839,538,881,38,42,0,43,MD,BWI:MD
2026-09-09,DAL,N728DA,2,SEA,MCO,4104.64,924,1281,941,1318,17,37,9,66,MD,SEA:MD
2026-09-09,DAL,N728DA,3,MCO,DTW,1543.9,1384,1548,1400,1581,16,33,16,55,MD,MCO:MD
2026-09-09,DAL,N728DA,4,DTW,EWR,783.32,1636,1740,1659,1780,23,40,23,41,MD,DTW:MD
2026-09-09,DAL,N728DA,5,EWR,MSP,1618.5,1821,1986,1824,1996,3,10,3,70,ND,EWR:ND
2026-09-09,UAL,N679UA,1,BOS,CLT,1170.46,441,578,447,601,6,23,0,54,MD,BOS:MD
2026-09-09,UAL,N679UA,2,CLT,MIA,1049.17,655,771,671,794,16,23,16,43,MD,CLT:MD
2026-09-09,UAL,N679UA,3,MIA,LAS,3494.55,837,1157,837,1157,0,0,0,62,ND,MIA:ND
2026-09-09,UAL,N679UA,4,LAS,LAX,380.24,1219,1279,1237,1296,18,17,0,46,MD,LAS:MD
2026-09-09,UAL,N679UA,5,LAX,ATL,3125.8,1342,1625,1342,1646,0,21,0,74,MD,LAX:MD
2026-09-09,DAL,N882DA,1,SEA,SLC,1106.6,420,551,420,565,0,14,0,60,ND,SEA:ND
2026-09-09,DAL,N882DA,2,SLC,MIA,3357.7,625,929,635,942,10,13,10,41,ND,SLC:ND
2026-09-09,DAL,N882DA,3,MIA,PHX,3168.32,983,1279,988,1282,5,3,5,49,ND,MIA:ND
2026-09-09,DAL,N882DA,4,PHX,LAX,594.56,1331,1418,1349,1443,18,25,0,74,MD,PHX:MD
2026-09-09,DAL,N882DA,5,LAX,DFW,1982.96,1517,1701,1545,1740,28,39,18,45,MD,LAX:MD
2026-09-09,AAL,N120AA,1,BOS,DTW,1014.75,393,509,393,528,0,19,0,51,MD,BOS:MD
2026-09-09,AAL,N120AA,2,DTW,ATL,958.15,579,690,604,725,25,35,13,43,MD,DTW:MD
2026-09-09,AAL,N120AA,3,ATL,CLT,364.34,768,826,791,868,23,42,23,47,MD,ATL:MD
2026-09-09,AAL,N120AA,4,CLT,SFO,3687.27,915,1245,945,1297,30,52,30,44,SD,CLT:SD
2026-09-09,AAL,N120AA,5,SFO,MIA,4154.25,1341,1710,1415,1786,74,76,36,46,SD,SFO:SD
2026-09-09,AAL,N261AA,1,EWR,DTW,783.32,530,635,530,650,0,15,0,51,MD,EWR:MD
2026-09-09,AAL,N261AA,2,DTW,CLT,806.1,701,799,719,809,18,10,7,48,ND,DTW:ND
2026-09-09,AAL,N261AA,3,CLT,LAX,3412.6,857,1173,857,1189,0,16,0,65,MD,CLT:MD
2026-09-09,AAL,N261AA,4,LAX,PHX,594.56,1254,1344,1296,1388,42,44,11,42,MD,LAX:MD
2026-09-09,AAL,N261AA,5,PHX,DEN,967.86,1430,1551,1452,1568,22,17,22,54,MD,PHX:MD
2026-09-09,SWA,N244SW,1,CLT,DFW,1503.34,522,669,522,669,0,0,0,61,ND,CLT:ND
2026-09-09,SWA,N244SW,2,DFW,SEA,2667.82,730,974,730,977,0,3,0,55,ND,DFW:ND
2026-09-09,SWA,N244SW,3,SEA,PHX,1781.91,1032,1207,1033,1207,1,0,1,46,ND,SEA:ND
2026-09-09,SWA,N244SW,4,PHX,BWI,3209.54,1253,1546,1253,1546,0,0,0,68,ND,PHX:ND
2026-09-09,SWA,N244SW,5,BWI,SLC,2993.56,1614,1891,1614,1894,0,3,0,71,ND,BWI:ND
2026-09-09,SWA,N203SW,1,DTW,SLC,2377.74,368,592,371,617,3,25,0,41,MD,DTW:MD
2026-09-09,SWA,N203SW,2,SLC,SEA,1106.6,658,774,700,836,42,62,18,44,SD,SLC:SD
2026-09-09,SWA,N203SW,3,SEA,LAX,1537.13,880,1039,919,1087,39,48,39,50,SD,SEA:SD
2026-09-09,SWA,N203SW,4,LAX,MSP,2467.47,1137,1361,1155,1390,18,29,18,61,MD,LAX:MD
2026-09-09,SWA,N203SW,5,MSP,ORD,537.35,1451,1533,1471,1565,20,32,20,41,MD,MSP:MD
2026-09-09,AAL,N721AA,1,EWR,LAX,3940.63,408,761,408,776,0,15,0,75,MD,EWR:MD
2026-09-09,AAL,N721AA,2,LAX,ORD,2801.93,851,1117,851,1118,0,1,0,56,ND,LAX:ND
2026-09-09,AAL,N721AA,3,ORD,DEN,1426.0,1174,1320,1201,1357,27,37,0,46,MD,ORD:MD
2026-09-09,AAL,N721AA,4,DEN,CLT,2148.18,1403,1616,1403,1619,0,3,0,71,ND,DEN:ND
2026-09-09,AAL,N721AA,5,CLT,BOS,1170.46,1690,1808,1694,1830,4,22,0,67,MD,CLT:MD
2026-09-09,SWA,N304SW,1,DEN,ATL,1926.35,481,663,481,670,0,7,0,59,ND,DEN:ND
2026-09-09,SWA,N304SW,2,ATL,SFO,3434.95,729,1043,765,1088,36,45,0,56,SD,ATL:SD
2026-09-09,SWA,N304SW,3,SFO,LAX,543.66,1144,1224,1170,1254,26,30,26,51,MD,SFO:MD
2026-09-09,SWA,N304SW,4,LAX,MCO,3562.38,1305,1625,1320,1640,15,15,15,51,MD,LAX:MD
2026-09-09,SWA,N304SW,5,MCO,ORD,1619.56,1691,1859,1701,1887,10,28,0,69,MD,MCO:MD
2026-09-09,UAL,N677UA,1,ORD,JFK,1188.05,498,631,498,649,0,18,0,54,MD,ORD:MD
2026-09-09,UAL,N677UA,2,JFK,DEN,2610.01,703,948,703,957,0,9,0,73,ND,JFK:ND
2026-09-09,UAL,N677UA,3,DEN,DFW,1031.3,1030,1152,1030,1152,0,0,0,55,ND,DEN:ND
2026-09-09,UAL,N677UA,4,DFW,PHX,1393.44,1207,1355,1207,1375,0,20,0,42,MD,DFW:MD
2026-09-09,UAL,N677UA,5,PHX,MIA,3168.32,1417,1711,1444,1754,27,43,10,49,MD,PHX:MD
2026-09-09,SWA,N277SW,1,LAX,SFO,543.66,380,461,395,488,15,27,15,52,MD,LAX:MD
2026-09-09,SWA,N277SW,2,SFO,SLC,962.09,540,645,594,714,54,69,8,56,SD,SFO:SD
2026-09-09,SWA,N277SW,3,SLC,JFK,3193.68,770,1052,819,1105,49,53,49,45,SD,SLC:SD
2026-09-09,SWA,N277SW,4,JFK,ORD,1188.05,1150,1287,1173,1318,23,31,23,60,MD,JFK:MD
2026-09-09,SWA,N277SW,5,ORD,IAH,1489.35,1378,1536,1400,1569,22,33,22,40,MD,ORD:MD
2026-09-09,SWA,N215SW,1,EWR,JFK,33.86,385,421,385,441,0,20,0,74,MD,EWR:MD
2026-09-09,SWA,N215SW,2,JFK,SLC,3193.68,515,808,518,818,3,10,3,56,ND,JFK:ND
2026-09-09,SWA,N215SW,3,SLC,DEN,627.77,874,967,884,977,10,10,0,70,ND,SLC:ND
2026-09-09,SWA,N215SW,4,DEN,BOS,2815.59,1047,1309,1050,1325,3,16,3,49,MD,DEN:MD
2026-09-09,SWA,N215SW,5,BOS,MCO,1805.67,1374,1555,1385,1586,11,31,11,42,MD,BOS:MD
2026-09-09,UAL,N807UA,1,SEA,ORD,2761.75,446,700,446,707,0,7,0,59,ND,SEA:ND
2026-09-09,UAL,N807UA,2,ORD,DTW,376.5,766,824,777,850,11,26,0,54,MD,ORD:MD
2026-09-09,UAL,N807UA,3,DTW,LAS,2807.85,904,1167,932,1200,28,33,3,60,MD,DTW:MD
2026-09-09,UAL,N807UA,4,LAS,PHX,411.31,1260,1336,1293,1367,33,31,23,45,MD,LAS:MD
2026-09-09,UAL,N807UA,5,PHX,ATL,2548.87,1412,1653,1412,1672,0,19,0,71,MD,PHX:MD
2026-09-09,UAL,N940UA,1,ORD,BOS,1390.98,489,637,489,645,0,8,0,48,ND,ORD:ND
2026-09-09,UAL,N940UA,2,BOS,LAX,4192.75,693,1071,730,1128,37,57,5,41,SD,BOS:SD
2026-09-09,UAL,N940UA,3,LAX,DFW,1982.96,1169,1358,1261,1456,92,98,41,43,CD,LAX:CD
2026-09-09,UAL,N940UA,4,DFW,MCO,1582.71,1499,1651,1551,1703,52,52,52,63,SD,DFW:SD
2026-09-09,UAL,N940UA,5,MCO,PHX,2969.54,1766,2039,1779,2064,13,25,13,69,MD,MCO:MD
2026-09-09,DAL,N797DA,1,ATL,SEA,3504.75,481,804,494,814,13,10,0,75,ND,ATL:ND
2026-09-09,DAL,N797DA,2,SEA,PHX,1781.91,889,1064,908,1087,19,23,7,45,MD,SEA:MD
2026-09-09,DAL,N797DA,3,PHX,DTW,2683.7,1132,1372,1143,1399,11,27,11,50,MD,PHX:MD
2026-09-09,DAL,N797DA,4,DTW,MSP,848.05,1449,1547,1459,1570,10,23,10,54,MD,DTW:MD
2026-09-09,DAL,N797DA,5,MSP,DFW,1372.59,1624,1764,1628,1776,4,12,4,57,ND,MSP:ND
2026-09-09,DAL,N985DA,1,ATL,DTW,958.15,424,544,424,558,0,14,0,59,ND,ATL:ND
2026-09-09,DAL,N985DA,2,DTW,JFK,816.97,617,727,617,731,0,4,0,57,ND,DTW:ND
2026-09-09,DAL,N985DA,3,JFK,LAX,3974.34,788,1141,819,1178,31,37,0,69,MD,JFK:MD
2026-09-09,DAL,N985DA,4,LAX,BWI,3739.99,1247,1580,1247,1584,0,4,0,73,ND,LAX:ND
2026-09-09,DAL,N985DA,5,BWI,DEN,2393.68,1657,1891,1673,1920,16,29,1,46,MD,BWI:MD
2026-09-09,UAL,N674UA,1,BWI,MCO,1268.78,446,580,446,580,0,0,0,60,ND,BWI:ND
2026-09-09,UAL,N674UA,2,MCO,SLC,3103.38,640,933,684,985,44,52,0,59,SD,MCO:SD
2026-09-09,UAL,N674UA,3,SLC,DEN,627.77,1044,1126,1081,1180,37,54,37,43,SD,SLC:SD
2026-09-09,UAL,N674UA,4,DEN,DTW,1802.36,1223,1411,1241,1442,18,31,18,65,MD,DEN:MD
2026-09-09,UAL,N674UA,5,DTW,ORD,376.5,1507,1566,1529,1589,22,23,22,41,MD,DTW:MD
2026-09-09,UAL,N528UA,1,MIA,BWI,1525.57,416,580,416,593,0,13,0,70,ND,MIA:ND
2026-09-09,UAL,N528UA,2,BWI,ORD,998.05,663,778,666,778,3,0,0,72,ND,BWI:ND
2026-09-09,UAL,N528UA,3,ORD,SFO,2964.02,850,1129,872,1158,22,29,0,51,MD,ORD:MD
2026-09-09,UAL,N528UA,4,SFO,CLT,3687.27,1209,1532,1218,1550,9,18,9,56,MD,SFO:MD
2026-09-09,UAL,N528UA,5,CLT,PHX,2848.18,1606,1863,1606,1863,0,0,0,61,ND,CLT:ND
2026-09-09,UAL,N328UA,1,MCO,EWR,1510.14,435,594,435,613,0,19,0,47,MD,MCO:MD
2026-09-09,UAL,N328UA,2,EWR,CLT,849.67,660,772,673,783,13,11,13,44,ND,EWR:ND
2026-09-09,UAL,N328UA,3,CLT,PHX,2848.18,827,1095,832,1104,5,9,5,47,ND,CLT:ND
2026-09-09,UAL,N328UA,4,PHX,LAS,411.31,1151,1224,1151,1243,0,19,0,59,MD,PHX:MD
2026-09-09,UAL,N328UA,5,LAS,BWI,3381.13,1302,1601,1312,1613,10,12,10,48,ND,LAS:ND
2026-09-09,SWA,N683SW,1,MSP,JFK,1651.36,445,622,456,626,11,4,3,51,ND,MSP:ND
2026-09-09,SWA,N683SW,2,JFK,CLT,870.66,677,771,706,816,29,45,0,68,SD,JFK:SD
2026-09-09,SWA,N683SW,3,CLT,LAX,3412.6,884,1187,911,1230,27,43,27,50,MD,CLT:MD
2026-09-09,SWA,N683SW,4,LAX,DFW,1982.96,1280,1465,1307,1504,27,39,27,48,MD,LAX:MD
2026-09-09,SWA,N683SW,5,DFW,SEA,2667.82,1552,1803,1560,1818,8,15,8,65,MD,DFW:MD
2026-09-09,SWA,N104SW,1,ORD,IAH,1489.35,442,602,470,622,28,20,0,52,MD,ORD:MD
2026-09-09,SWA,N104SW,2,IAH,SFO,2627.7,674,929,692,967,18,38,4,55,MD,IAH:MD
2026-09-09,SWA,N104SW,3,SFO,PHX,1046.57,1022,1141,1061,1184,39,43,13,59,MD,SFO:MD
2026-09-09,SWA,N104SW,4,PHX,ATL,2548.87,1243,1487,1279,1541,36,54,16,59,SD,PHX:SD
2026-09-09,SWA,N104SW,5,ATL,MSP,1459.62,1600,1742,1624,1772,24,30,24,59,MD,ATL:MD
2026-09-09,UAL,N544UA,1,JFK,CLT,870.66,463,557,527,617,64,60,0,54,SD,JFK:SD
2026-09-09,UAL,N544UA,2,CLT,DTW,806.1,671,766,714,806,43,40,43,41,MD,CLT:MD
2026-09-09,UAL,N544UA,3,DTW,PHX,2683.7,847,1089,857,1116,10,27,10,63,MD,DTW:MD
2026-09-09,UAL,N544UA,4,PHX,SFO,1046.57,1179,1288,1179,1288,0,0,0,64,ND,PHX:ND
2026-09-09,UAL,N544UA,5,SFO,DFW,2352.0,1352,1582,1352,1582,0,0,0,43,ND,SFO:ND
2026-09-09,DAL,N769DA,1,ATL,ORD,975.52,391,511,391,511,0,0,0,56,ND,ATL:ND
2026-09-09,DAL,N769DA,2,ORD,DEN,1426.0,567,712,597,755,30,43,0,40,MD,ORD:MD
2026-09-09,DAL,N769DA,3,DEN,EWR,2576.16,795,1029,812,1057,17,28,2,73,MD,DEN:MD
2026-09-09,DAL,N769DA,4,EWR,MSP,1618.5,1130,1288,1130,1288,0,0,0,66,ND,EWR:ND
2026-09-09,DAL,N769DA,5,MSP,SFO,2551.59,1354,1599,1361,1623,7,24,0,47,MD,MSP:MD
2026-09-09,DAL,N609DA,1,SFO,BWI,3944.61,540,893,585,947,45,54,0,58,SD,SFO:SD
2026-09-09,DAL,N609DA,2,BWI,LAS,3381.13,1005,1315,1035,1352,30,37,30,53,MD,BWI:MD
2026-09-09,DAL,N609DA,3,LAS,BOS,3822.26,1405,1745,1456,1809,51,64,16,55,SD,LAS:SD
2026-09-09,DAL,N609DA,4,BOS,SLC,3379.21,1864,2161,1908,2218,44,57,44,47,SD,BOS:SD
2026-09-09,DAL,N609DA,5,SLC,LAX,949.5,2265,2380,2302,2433,37,53,37,49,SD,SLC:SD
2026-09-09,DAL,N840DA,1,DEN,LAS,1009.02,478,584,478,603,0,19,0,46,MD,DEN:MD
2026-09-09,DAL,N840DA,2,LAS,SEA,1394.76,649,786,649,799,0,13,0,58,ND,LAS:ND
2026-09-09,DAL,N840DA,3,SEA,MSP,2244.65,857,1071,857,1071,0,0,0,67,ND,SEA:ND
2026-09-09,DAL,N840DA,4,MSP,MCO,2110.58,1138,1332,1138,1345,0,13,0,40,ND,MSP:ND
2026-09-09,DAL,N840DA,5,MCO,JFK,1521.35,1385,1551,1398,1584,13,33,4,50,MD,MCO:MD
2026-09-09,SWA,N736SW,1,LAS,DFW,1694.7,462,634,467,643,5,9,0,69,ND,LAS:ND
2026-09-09,SWA,N736SW,2,DFW,PHX,1393.44,712,863,712,880,0,17,0,66,MD,DFW:MD
2026-09-09,SWA,N736SW,3,PHX,CLT,2848.18,946,1203,963,1235,17,32,10,47,MD,PHX:MD
2026-09-09,SWA,N736SW,4,CLT,LAX,3412.6,1282,1581,1301,1621,19,40,18,50,MD,CLT:MD
2026-09-09,SWA,N736SW,5,LAX,ORD,2801.93,1671,1938,1674,1954,3,16,3,70,MD,LAX:MD
2026-09-09,SWA,N285SW,1,BWI,MIA,1525.57,484,634,484,634,0,0,0,66,ND,BWI:ND
2026-09-09,SWA,N285SW,2,MIA,PHX,3168.32,700,986,788,1093,88,107,0,60,CD,MIA:CD
2026-09-09,SWA,N285SW,3,PHX,ATL,2548.87,1153,1397,1221,1478,68,81,68,54,SD,PHX:SD
2026-09-09,SWA,N285SW,4,ATL,JFK,1221.92,1532,1664,1562,1708,30,44,30,73,MD,ATL:MD
2026-09-09,SWA,N285SW,5,JFK,SEA,3886.59,1781,2135,1811,2180,30,45,30,46,SD,JFK:SD
2026-09-09,AAL,N593AA,1,PHX,MIA,3168.32,400,694,400,713,0,19,0,70,MD,PHX:MD
2026-09-09,AAL,N593AA,2,MIA,JFK,1756.9,783,953,796,968,13,15,13,44,MD,MIA:MD
2026-09-09,AAL,N593AA,3,JFK,ORD,1188.05,1012,1139,1012,1139,0,0,0,61,ND,JFK:ND
2026-09-09,AAL,N593AA,4,ORD,ATL,975.52,1200,1319,1200,1323,0,4,0,54,ND,ORD:ND
2026-09-09,AAL,N593AA,5,ATL,CLT,364.34,1377,1443,1399,1471,22,28,0,55,MD,ATL:MD
2026-09-09,SWA,N190SW,1,DTW,MSP,848.05,527,619,527,619,0,0,0,46,ND,DTW:ND
2026-09-09,SWA,N190SW,2,MSP,CLT,1496.28,665,826,691,846,26,20,0,75,MD,MSP:MD
2026-09-09,SWA,N190SW,3,CLT,DEN,2148.18,921,1136,921,1145,0,9,0,59,ND,CLT:ND
2026-09-09,SWA,N190SW,4,DEN,BWI,2393.68,1204,1426,1204,1429,0,3,0,69,ND,DEN:ND
2026-09-09,SWA,N190SW,5,BWI,PHX,3209.54,1498,1780,1498,1782,0,2,0,54,ND,BWI:ND
2026-09-09,SWA,N833SW,1,PHX,MSP,2051.64,447,647,447,650,0,3,0,58,ND,PHX:ND
2026-09-09,SWA,N833SW,2,MSP,DEN,1092.86,708,823,710,832,2,9,2,42,ND,MSP:ND
2026-09-09,SWA,N833SW,3,DEN,IAH,1386.79,874,1013,896,1046,22,33,0,66,MD,DEN:MD
2026-09-09,SWA,N833SW,4,IAH,SEA,3013.28,1112,1384,1133,1424,21,40,16,52,MD,IAH:MD
2026-09-09,SWA,N833SW,5,SEA,ATL,3504.75,1476,1793,1496,1830,20,37,20,53,MD,SEA:MD
2026-09-09,AAL,N833AA,1,CLT,DEN,2148.18,475,685,539,756,64,71,0,72,SD,CLT:SD
2026-09-09,AAL,N833AA,2,DEN,EWR,2576.16,828,1059,851,1091,23,32,23,73,MD,DEN:MD
2026-09-09,AAL,N833AA,3,EWR,ORD,1154.23,1164,1294,1164,1310,0,16,0,70,MD,EWR:MD
2026-09-09,AAL,N833AA,4,ORD,SLC,2006.04,1380,1570,1385,1571,5,1,5,51,ND,ORD:ND
2026-09-09,AAL,N833AA,5,SLC,MIA,3357.7,1622,1918,1622,1929,0,11,0,64,ND,SLC:ND
2026-09-09,UAL,N616UA,1,MIA,EWR,1749.72,435,613,527,716,92,103,0,48,CD,MIA:CD
2026-09-09,UAL,N616UA,2,EWR,SEA,3854.51,764,1113,824,1182,60,69,60,59,SD,EWR:SD
2026-09-09,UAL,N616UA,3,SEA,LAS,1394.76,1241,1387,1260,1404,19,17,19,75,MD,SEA:MD
2026-09-09,UAL,N616UA,4,LAS,BWI,3381.13,1479,1780,1479,1801,0,21,0,58,MD,LAS:MD
2026-09-09,UAL,N616UA,5,BWI,LAX,3739.99,1859,2187,1868,2210,9,23,9,51,MD,BWI:MD
2026-09-09,UAL,N827UA,1,DEN,PHX,967.86,496,607,496,615,0,8,0,67,ND,DEN:ND
2026-09-09,UAL,N827UA,2,PHX,IAH,1621.03,682,839,687,839,5,0,5,41,ND,PHX:ND
2026-09-09,UAL,N827UA,3,IAH,DTW,1730.29,880,1044,909,1090,29,46,0,52,SD,IAH:SD
2026-09-09,UAL,N827UA,4,DTW,EWR,783.32,1142,1234,1162,1250,20,16,20,58,MD,DTW:MD
2026-09-09,UAL,N827UA,5,EWR,CLT,849.67,1308,1401,1318,1420,10,19,0,58,MD,EWR:MD
2026-09-09,DAL,N467DA,1,MSP,DEN,1092.86,490,611,500,625,10,14,10,43,ND,MSP:ND
2026-09-09,DAL,N467DA,2,DEN,IAH,1386.79,668,816,668,816,0,0,0,60,ND,DEN:ND
2026-09-09,DAL,N467DA,3,IAH,SEA,3013.28,876,1142,879,1164,3,22,0,56,MD,IAH:MD
2026-09-09,DAL,N467DA,4,SEA,MIA,4379.54,1220,1609,1226,1629,6,20,6,54,MD,SEA:MD
2026-09-09,DAL,N467DA,5,MIA,SLC,3357.7,1683,1996,1683,2005,0,9,0,63,ND,MIA:ND
2026-09-09,AAL,N894AA,1,SFO,MCO,3929.5,404,759,404,764,0,5,0,47,ND,SFO:ND
2026-09-09,AAL,N894AA,2,MCO,MSP,2110.58,811,1012,825,1023,14,11,0,75,ND,MCO:ND
2026-09-09,AAL,N894AA,3,MSP,LAX,2467.47,1098,1338,1151,1397,53,59,0,56,SD,MSP:SD
2026-09-09,AAL,N894AA,4,LAX,DFW,1982.96,1453,1640,1510,1699,57,59,42,42,SD,LAX:SD
2026-09-09,AAL,N894AA,5,DFW,DTW,1586.45,1741,1911,1783,1965,42,54,42,43,SD,DFW:SD
2026-09-09,UAL,N602UA,1,SLC,IAH,1922.4,416,599,429,620,13,21,0,73,MD,SLC:MD
2026-09-09,UAL,N602UA,2,IAH,PHX,1621.03,693,852,693,856,0,4,0,66,ND,IAH:ND
2026-09-09,UAL,N602UA,3,PHX,DFW,1393.44,922,1060,957,1093,35,33,0,62,MD,PHX:MD
2026-09-09,UAL,N602UA,4,DFW,CLT,1503.34,1155,1310,1162,1315,7,5,7,61,ND,DFW:ND
2026-09-09,UAL,N602UA,5,CLT,LAS,3076.67,1376,1666,1376,1675,0,9,0,73,ND,CLT:ND
2026-09-09,DAL,N217DA,1,PHX,MSP,2051.64,442,643,442,652,0,9,0,47,ND,PHX:ND
2026-09-09,DAL,N217DA,2,MSP,SEA,2244.65,699,912,705,936,6,24,6,41,MD,MSP:MD
2026-09-09,DAL,N217DA,3,SEA,IAH,3013.28,977,1254,977,1260,0,6,0,72,ND,SEA:ND
2026-09-09,DAL,N217DA,4,IAH,ORD,1489.35,1332,1491,1338,1509,6,18,4,42,MD,IAH:MD
2026-09-09,DAL,N217DA,5,ORD,CLT,964.31,1551,1659,1551,1681,0,22,0,60,MD,ORD:MD
2026-09-09,DAL,N271DA,1,IAH,BWI,1985.05,521,710,521,710,0,0,0,67,ND,IAH:ND
2026-09-09,DAL,N271DA,2,BWI,ATL,927.2,777,893,777,915,0,22,0,67,MD,BWI:MD
2026-09-09,DAL,N271DA,3,ATL,DFW,1174.74,982,1102,1003,1137,21,35,11,49,MD,ATL:MD
2026-09-09,DAL,N271DA,4,DFW,SFO,2352.0,1186,1409,1228,1444,42,35,25,42,MD,DFW:MD
2026-09-09,DAL,N271DA,5,SFO,CLT,3687.27,1486,1810,1500,1834,14,24,14,56,MD,SFO:MD
2026-09-09,AAL,N364AA,1,EWR,MIA,1749.72,364,540,364,552,0,12,0,47,ND,EWR:ND
2026-09-09,AAL,N364AA,2,MIA,MSP,2418.24,599,836,607,854,8,18,8,44,MD,MIA:MD
2026-09-09,AAL,N364AA,3,MSP,SLC,1591.57,898,1051,910,1071,12,20,12,44,MD,MSP:MD
2026-09-09,AAL,N364AA,4,SLC,BWI,2993.56,1115,1382,1116,1384,1,2,1,58,ND,SLC:ND
2026-09-09,AAL,N364AA,5,BWI,LAX,3739.99,1442,1785,1462,1826,20,41,1,45,MD,BWI:MD
2026-09-09,SWA,N490SW,1,MIA,ATL,959.32,460,578,460,578,0,0,0,58,ND,MIA:ND
2026-09-09,SWA,N490SW,2,ATL,DTW,958.15,636,746,636,746,0,0,0,63,ND,ATL:ND
2026-09-09,SWA,N490SW,3,DTW,LAX,3178.0,809,1105,827,1116,18,11,0,75,ND,DTW:ND
2026-09-09,SWA,N490SW,4,LAX,SEA,1537.13,1191,1338,1191,1360,0,22,0,65,MD,LAX:MD
2026-09-09,SWA,N490SW,5,SEA,DFW,2667.82,1425,1665,1506,1761,81,96,1,59,CD,SEA:CD
2026-09-09,UAL,N316UA,1,EWR,BOS,322.68,517,575,526,597,9,22,0,52,MD,EWR:MD
2026-09-09,UAL,N316UA,2,BOS,JFK,299.83,649,715,664,751,15,36,15,43,MD,BOS:MD
2026-09-09,UAL,N316UA,3,JFK,LAX,3974.34,794,1153,795,1153,1,0,1,69,ND,JFK:ND
2026-09-09,UAL,N316UA,4,LAX,SLC,949.5,1222,1331,1222,1331,0,0,0,44,ND,LAX:ND
2026-09-09,UAL,N316UA,5,SLC,DEN,627.77,1375,1468,1375,1471,0,3,0,71,ND,SLC:ND
2026-09-09,AAL,N787AA,1,SEA,DEN,1645.43,484,654,484,655,0,1,0,61,ND,SEA:ND
2026-09-09,AAL,N787AA,2,DEN,MCO,2486.1,716,957,716,960,0,3,0,49,ND,DEN:ND
2026-09-09,AAL,N787AA,3,MCO,DFW,1582.71,1009,1170,1048,1211,39,41,0,67,MD,MCO:MD
2026-09-09,AAL,N787AA,4,DFW,SFO,2352.0,1278,1498,1298,1530,20,32,20,54,MD,DFW:MD
2026-09-09,AAL,N787AA,5,SFO,LAX,543.66,1584,1665,1595,1672,11,7,11,57,ND,SFO:ND
2026-09-09,UAL,N998UA,1,DTW,MSP,848.05,501,596,501,596,0,0,0,51,ND,DTW:ND
2026-09-09,UAL,N998UA,2,MSP,SLC,1591.57,647,807,647,807,0,0,0,48,ND,MSP:ND
2026-09-09,UAL,N998UA,3,SLC,PHX,817.81,855,953,855,973,0,20,0,44,MD,SLC:MD
2026-09-09,UAL,N998UA,4,PHX,MCO,2969.54,1017,1279,1017,1297,0,18,0,72,MD,PHX:MD
2026-09-09,UAL,N998UA,5,MCO,SEA,4104.64,1369,1740,1369,1740,0,0,0,65,ND,MCO:ND
2026-09-09,DAL,N664DA,1,LAS,IAH,1963.17,460,649,475,672,15,23,0,58,MD,LAS:MD
2026-09-09,DAL,N664DA,2,IAH,SLC,1922.4,730,924,746,948,16,24,16,45,MD,IAH:MD
2026-09-09,DAL,N664DA,3,SLC,DTW,2377.74,993,1208,1000,1232,7,24,7,55,MD,SLC:MD
2026-09-09,DAL,N664DA,4,DTW,JFK,816.97,1287,1396,1299,1404,12,8,12,50,ND,DTW:ND
2026-09-09,DAL,N664DA,5,JFK,LAX,3974.34,1454,1810,1489,1867,35,57,0,50,SD,JFK:SD
2026-09-09,AAL,N853AA,1,DTW,PHX,2683.7,376,623,412,672,36,49,0,63,SD,DTW:SD
2026-09-09,AAL,N853AA,2,PHX,ORD,2312.89,735,951,742,961,7,10,7,73,ND,PHX:ND
2026-09-09,AAL,N853AA,3,ORD,SEA,2761.75,1034,1291,1034,1311,0,20,0,70,MD,ORD:MD
2026-09-09,AAL,N853AA,4,SEA,BWI,3748.12,1381,1706,1395,1722,14,16,14,42,MD,SEA:MD
2026-09-09,AAL,N853AA,5,BWI,DEN,2393.68,1764,1983,1764,1983,0,0,0,73,ND,BWI:ND
2026-09-09,UAL,N692UA,1,IAH,SLC,1922.4,510,708,510,712,0,4,0,44,ND,IAH:ND
2026-09-09,UAL,N692UA,2,SLC,LAX,949.5,756,863,756,881,0,18,0,73,MD,SLC:MD
2026-09-09,UAL,N692UA,3,LAX,MIA,3762.88,954,1291,954,1311,0,20,0,71,MD,LAX:MD
2026-09-09,UAL,N692UA,4,MIA,BOS,2027.83,1382,1588,1396,1598,14,10,14,40,ND,MIA:ND
2026-09-09,UAL,N692UA,5,BOS,BWI,593.84,1638,1724,1693,1787,55,63,2,50,SD,BOS:SD
2026-09-09,UAL,N316UA,1,JFK,LAX,3974.34,418,773,418,780,0,7,0,61,ND,JFK:ND
2026-09-09,UAL,N316UA,2,LAX,SLC,949.5,841,956,852,964,11,8,0,70,ND,LAX:ND
2026-09-09,UAL,N316UA,3,SLC,PHX,817.81,1034,1144,1057,1160,23,16,0,66,MD,SLC:MD
2026-09-09,UAL,N316UA,4,PHX,DEN,967.86,1226,1332,1246,1360,20,28,6,50,MD,PHX:MD
2026-09-09,UAL,N316UA,5,DEN,CLT,2148.18,1410,1607,1440,1637,30,30,16,49,MD,DEN:MD
2026-09-09,AAL,N629AA,1,MIA,SLC,3357.7,474,786,474,786,0,0,0,70,ND,MIA:ND
2026-09-09,AAL,N629AA,2,SLC,ATL,2553.56,856,1092,856,1109,0,17,0,66,MD,SLC:MD
2026-09-09,AAL,N629AA,3,ATL,MCO,650.97,1175,1270,1181,1284,6,14,6,51,ND,ATL:ND
2026-09-09,AAL,N629AA,4,MCO,DFW,1582.71,1335,1494,1340,1501,5,7,5,50,ND,MCO:ND
2026-09-09,AAL,N629AA,5,DFW,DEN,1031.3,1551,1672,1613,1738,62,66,5,44,SD,DFW:SD
2026-09-09,AAL,N211AA,1,ATL,SFO,3434.95,398,716,406,744,8,28,0,46,MD,ATL:MD
2026-09-09,AAL,N211AA,2,SFO,BOS,4341.08,790,1181,810,1210,20,29,20,42,MD,SFO:MD
2026-09-09,AAL,N211AA,3,BOS,IAH,2566.63,1252,1498,1299,1558,47,60,18,47,SD,BOS:SD
2026-09-09,AAL,N211AA,4,IAH,EWR,2249.22,1605,1813,1619,1847,14,34,14,74,MD,IAH:MD
2026-09-09,AAL,N211AA,5,EWR,DTW,783.32,1921,2028,1923,2033,2,5,2,67,ND,EWR:ND
2026-09-09,DAL,N814DA,1,BOS,EWR,322.68,510,578,517,585,7,7,7,46,ND,BOS:ND
2026-09-09,DAL,N814DA,2,EWR,SEA,3854.51,631,979,631,979,0,0,0,54,ND,EWR:ND
2026-09-09,DAL,N814DA,3,SEA,DTW,3092.66,1033,1314,1033,1314,0,0,0,74,ND,SEA:ND
2026-09-09,DAL,N814DA,4,DTW,MIA,1847.28,1388,1560,1388,1560,0,0,0,40,ND,DTW:ND
2026-09-09,DAL,N814DA,5,MIA,LAX,3762.88,1600,1942,1600,1942,0,0,0,40,ND,MIA:ND
2026-09-09,UAL,N518UA,1,PHX,DEN,967.86,497,612,497,625,0,13,0,63,ND,PHX:ND
2026-09-09,UAL,N518UA,2,DEN,JFK,2610.01,688,933,689,951,1,18,1,53,MD,DEN:MD
2026-09-09,UAL,N518UA,3,JFK,EWR,33.86,1004,1048,1011,1064,7,16,0,70,MD,JFK:MD
2026-09-09,UAL,N518UA,4,EWR,LAS,3575.53,1134,1462,1147,1476,13,14,0,70,ND,EWR:ND
2026-09-09,UAL,N518UA,5,LAS,IAH,1963.17,1546,1746,1546,1750,0,4,0,62,ND,LAS:ND
2026-09-09,AAL,N975AA,1,DEN,SEA,1645.43,490,658,490,669,0,11,0,61,ND,DEN:ND
2026-09-09,AAL,N975AA,2,SEA,MSP,2244.65,730,935,732,949,2,14,2,50,ND,SEA:ND
2026-09-09,AAL,N975AA,3,MSP,LAX,2467.47,999,1221,1009,1238,10,17,10,45,MD,MSP:MD
2026-09-09,AAL,N975AA,4,LAX,BWI,3739.99,1283,1626,1287,1630,4,4,0,67,ND,LAX:ND
2026-09-09,AAL,N975AA,5,BWI,DTW,657.09,1697,1781,1740,1817,43,36,0,63,MD,BWI:MD
2026-09-09,SWA,N510SW,1,BWI,BOS,593.84,486,572,498,597,12,25,0,40,MD,BWI:MD
2026-09-09,SWA,N510SW,2,BOS,MCO,1805.67,637,822,672,874,35,52,5,58,SD,BOS:SD
2026-09-09,SWA,N510SW,3,MCO,ORD,1619.56,932,1105,942,1114,10,9,10,72,ND,MCO:ND
2026-09-09,SWA,N510SW,4,ORD,LAX,2801.93,1186,1454,1187,1458,1,4,1,50,ND,ORD:ND
2026-09-09,SWA,N510SW,5,LAX,CLT,3412.6,1508,1813,1510,1813,2,0,2,40,ND,LAX:ND
2026-09-09,UAL,N898UA,1,MIA,PHX,3168.32,363,643,371,666,8,23,8,45,MD,MIA:MD
2026-09-09,UAL,N898UA,2,PHX,BWI,3209.54,711,1009,723,1039,12,30,0,62,MD,PHX:MD
2026-09-09,UAL,N898UA,3,BWI,IAH,1985.05,1101,1292,1113,1302,12,10,12,54,ND,BWI:ND
2026-09-09,UAL,N898UA,4,IAH,SFO,2627.7,1356,1605,1356,1605,0,0,0,65,ND,IAH:ND
2026-09-09,UAL,N898UA,5,SFO,LAS,665.02,1670,1753,1670,1762,0,9,0,66,ND,SFO:ND
2026-09-09,DAL,N615DA,1,MCO,CLT,755.04,497,600,497,622,0,22,0,56,MD,MCO:MD
2026-09-09,DAL,N615DA,2,CLT,DEN,2148.18,678,886,678,902,0,16,0,70,MD,CLT:MD
2026-09-09,DAL,N615DA,3,DEN,BOS,2815.59,972,1232,972,1252,0,20,0,69,MD,DEN:MD
2026-09-09,DAL,N615DA,4,BOS,LAS,3822.26,1321,1669,1335,1683,14,14,14,41,ND,BOS:ND
2026-09-09,DAL,N615DA,5,LAS,MSP,2087.72,1724,1918,1724,1918,0,0,0,64,ND,LAS:ND
2026-09-09,AAL,N919AA,1,CLT,EWR,849.67,427,526,475,587,48,61,0,58,SD,CLT:SD
2026-09-09,AAL,N919AA,2,EWR,PHX,3424.67,645,953,688,993,43,40,43,44,MD,EWR:MD
2026-09-09,AAL,N919AA,3,PHX,BOS,3693.22,1037,1372,1050,1405,13,33,13,60,MD,PHX:MD
2026-09-09,AAL,N919AA,4,BOS,ATL,1521.01,1465,1629,1489,1668,24,39,11,57,MD,BOS:MD
2026-09-09,AAL,N919AA,5,ATL,IAH,1107.07,1725,1844,1727,1845,2,1,2,71,ND,ATL:ND
2026-09-09,AAL,N993AA,1,LAS,SFO,665.02,518,607,534,618,16,11,16,49,ND,LAS:ND
2026-09-09,AAL,N993AA,2,SFO,SEA,1092.94,667,781,667,797,0,16,0,71,MD,SFO:MD
2026-09-09,AAL,N993AA,3,SEA,SLC,1106.6,868,998,879,1012,11,14,11,42,ND,SEA:ND
2026-09-09,AAL,N993AA,4,SLC,IAH,1922.4,1054,1251,1054,1271,0,20,0,60,MD,SLC:MD
2026-09-09,AAL,N993AA,5,IAH,EWR,2249.22,1331,1553,1333,1571,2,18,2,57,MD,IAH:MD
2026-09-09,UAL,N507UA,1,SEA,SLC,1106.6,498,612,510,643,12,31,0,72,MD,SEA:MD
2026-09-09,UAL,N507UA,2,SLC,JFK,3193.68,715,1000,715,1014,0,14,0,69,ND,SLC:ND
2026-09-09,UAL,N507UA,3,JFK,ORD,1188.05,1083,1219,1087,1219,4,0,0,69,ND,JFK:ND
2026-09-09,UAL,N507UA,4,ORD,EWR,1154.23,1288,1405,1288,1405,0,0,0,53,ND,ORD:ND
2026-09-09,UAL,N507UA,5,EWR,BWI,271.19,1458,1514,1458,1514,0,0,0,63,ND,EWR:ND
2026-09-09,AAL,N661AA,1,LAS,SEA,1394.76,407,558,433,598,26,40,0,67,MD,LAS:MD
2026-09-09,AAL,N661AA,2,SEA,BWI,3748.12,665,1000,675,1010,10,10,10,63,ND,SEA:ND
2026-09-09,AAL,N661AA,3,BWI,DTW,657.09,1073,1164,1074,1175,1,11,1,51,ND,BWI:ND
2026-09-09,AAL,N661AA,4,DTW,CLT,806.1,1226,1322,1232,1345,6,23,6,46,MD,DTW:MD
2026-09-09,AAL,N661AA,5,CLT,LAX,3412.6,1391,1696,1391,1700,0,4,0,75,ND,CLT:ND
2026-09-09,AAL,N249AA,1,JFK,DTW,816.97,394,504,394,506,0,2,0,73,ND,JFK:ND
2026-09-09,AAL,N249AA,2,DTW,ATL,958.15,579,695,633,768,54,73,0,59,SD,DTW:SD
2026-09-09,AAL,N249AA,3,ATL,LAX,3125.8,827,1120,879,1186,52,66,52,43,SD,ATL:SD
2026-09-09,AAL,N249AA,4,LAX,EWR,3940.63,1229,1574,1326,1671,97,97,47,43,CD,LAX:CD
2026-09-09,AAL,N249AA,5,EWR,SEA,3854.51,1714,2062,1782,2132,68,70,68,46,SD,EWR:SD
2026-09-09,UAL,N469UA,1,PHX,IAH,1621.03,465,622,465,644,0,22,0,62,MD,PHX:MD
2026-09-09,UAL,N469UA,2,IAH,SLC,1922.4,706,903,714,923,8,20,8,52,MD,IAH:MD
2026-09-09,UAL,N469UA,3,SLC,LAS,591.72,975,1067,977,1085,2,18,0,74,MD,SLC:MD
2026-09-09,UAL,N469UA,4,LAS,BWI,3381.13,1159,1463,1164,1476,5,13,0,62,ND,LAS:ND
2026-09-09,UAL,N469UA,5,BWI,ATL,927.2,1538,1652,1538,1656,0,4,0,68,ND,BWI:ND
2026-09-09,UAL,N574UA,1,JFK,LAX,3974.34,378,722,396,742,18,20,0,50,MD,JFK:MD
2026-09-09,UAL,N574UA,2,LAX,CLT,3412.6,792,1100,793,1112,1,12,1,58,ND,LAX:ND
2026-09-09,UAL,N574UA,3,CLT,EWR,849.67,1170,1282,1192,1310,22,28,0,65,MD,CLT:MD
2026-09-09,UAL,N574UA,4,EWR,MIA,1749.72,1375,1550,1375,1555,0,5,0,73,ND,EWR:ND
2026-09-09,UAL,N574UA,5,MIA,BOS,2027.83,1628,1820,1628,1820,0,0,0,51,ND,MIA:ND
2026-09-09,AAL,N777AA,1,LAS,DFW,1694.7,384,546,384,546,0,0,0,70,ND,LAS:ND
2026-09-09,AAL,N777AA,2,DFW,SFO,2352.0,616,841,616,841,0,0,0,73,ND,DFW:ND
2026-09-09,AAL,N777AA,3,SFO,LAX,543.66,914,985,914,985,0,0,0,56,ND,SFO:ND
2026-09-09,AAL,N777AA,4,LAX,MIA,3762.88,1041,1387,1049,1394,8,7,0,64,ND,LAX:ND
2026-09-09,AAL,N777AA,5,MIA,ORD,1929.51,1458,1646,1458,1646,0,0,0,68,ND,MIA:ND
2026-09-09,AAL,N129AA,1,ORD,PHX,2312.89,498,716,498,738,0,22,0,75,MD,ORD:MD
2026-09-09,AAL,N129AA,2,PHX,CLT,2848.18,813,1082,822,1097,9,15,9,51,MD,PHX:MD
2026-09-09,AAL,N129AA,3,CLT,DTW,806.1,1148,1257,1148,1269,0,12,0,67,ND,CLT:ND
2026-09-09,AAL,N129AA,4,DTW,MSP,848.05,1336,1445,1336,1452,0,7,0,59,ND,DTW:ND
2026-09-09,AAL,N129AA,5,MSP,EWR,1618.5,1511,1682,1511,1688,0,6,0,54,ND,MSP:ND
2026-09-09,UAL,N474UA,1,EWR,LAS,3575.53,493,808,499,823,6,15,0,62,MD,EWR:MD
2026-09-09,UAL,N474UA,2,LAS,JFK,3609.32,885,1198,885,1205,0,7,0,71,ND,LAS:ND
2026-09-09,UAL,N474UA,3,JFK,MCO,1521.35,1276,1431,1281,1453,5,22,5,40,MD,JFK:MD
2026-09-09,UAL,N474UA,4,MCO,ATL,650.97,1493,1579,1499,1594,6,15,6,54,MD,MCO:MD
2026-09-09,UAL,N474UA,5,ATL,DTW,958.15,1648,1760,1651,1772,3,12,3,52,ND,ATL:ND
2026-09-09,SWA,N504SW,1,SEA,LAX,1537.13,380,540,380,557,0,17,0,55,MD,SEA:MD
2026-09-09,SWA,N504SW,2,LAX,MIA,3762.88,612,957,631,991,19,34,0,57,MD,LAX:MD
2026-09-09,SWA,N504SW,3,MIA,IAH,1549.36,1048,1213,1060,1244,12,31,12,57,MD,MIA:MD
2026-09-09,SWA,N504SW,4,IAH,BWI,1985.05,1301,1486,1339,1519,38,33,16,51,MD,IAH:MD
2026-09-09,SWA,N504SW,5,BWI,JFK,295.51,1570,1638,1570,1638,0,0,0,69,ND,BWI:ND
2026-09-09,SWA,N292SW,1,CLT,ATL,364.34,386,449,398,467,12,18,0,57,MD,CLT:MD
2026-09-09,SWA,N292SW,2,ATL,JFK,1221.92,524,646,549,663,25,17,3,54,MD,ATL:MD
2026-09-09,SWA,N292SW,3,JFK,ORD,1188.05,717,852,773,909,56,57,4,53,SD,JFK:SD
2026-09-09,SWA,N292SW,4,ORD,SLC,2006.04,962,1162,985,1202,23,40,23,63,MD,ORD:MD
2026-09-09,SWA,N292SW,5,SLC,DFW,1589.25,1265,1418,1285,1454,20,36,12,61,MD,SLC:MD
2026-09-09,AAL,N157AA,1,LAS,MIA,3494.55,424,740,488,820,64,80,3,40,SD,LAS:SD
2026-09-09,AAL,N157AA,2,MIA,DFW,1802.65,860,1036,898,1080,38,44,38,64,MD,MIA:MD
2026-09-09,AAL,N157AA,3,DFW,DTW,1586.45,1144,1302,1194,1367,50,65,31,42,SD,DFW:SD
2026-09-09,AAL,N157AA,4,DTW,LAX,3178.0,1409,1691,1427,1707,18,16,18,73,MD,DTW:MD
2026-09-09,AAL,N157AA,5,LAX,DEN,1384.92,1780,1930,1780,1931,0,1,0,64,ND,LAX:ND
2026-09-09,UAL,N262UA,1,ORD,IAH,1489.35,523,676,523,676,0,0,0,52,ND,ORD:ND
2026-09-09,UAL,N262UA,2,IAH,BOS,2566.63,728,964,759,1000,31,36,0,47,MD,IAH:MD
2026-09-09,UAL,N262UA,3,BOS,DEN,2815.59,1047,1307,1117,1377,70,70,25,40,SD,BOS:SD
2026-09-09,UAL,N262UA,4,DEN,LAS,1009.02,1417,1540,1465,1587,48,47,48,47,SD,DEN:SD
2026-09-09,UAL,N262UA,5,LAS,SEA,1394.76,1634,1770,1667,1817,33,47,33,42,SD,LAS:SD
2026-09-09,SWA,N804SW,1,BWI,JFK,295.51,487,537,487,553,0,16,0,61,MD,BWI:MD
2026-09-09,SWA,N804SW,2,JFK,PHX,3457.99,614,935,631,964,17,29,11,43,MD,JFK:MD
2026-09-09,SWA,N804SW,3,PHX,DFW,1393.44,1007,1147,1007,1147,0,0,0,74,ND,PHX:ND
2026-09-09,SWA,N804SW,4,DFW,SEA,2667.82,1221,1474,1237,1499,16,25,0,54,MD,DFW:MD
2026-09-09,SWA,N804SW,5,SEA,BOS,4005.08,1553,1918,1554,1925,1,7,1,62,ND,SEA:ND
2026-09-09,AAL,N121AA,1,MIA,PHX,3168.32,540,832,570,876,30,44,0,75,MD,MIA:MD
2026-09-09,AAL,N121AA,2,PHX,JFK,3457.99,951,1267,975,1300,24,33,24,52,MD,PHX:MD
2026-09-09,AAL,N121AA,3,JFK,LAS,3609.32,1352,1676,1360,1684,8,8,8,60,ND,JFK:ND
2026-09-09,AAL,N121AA,4,LAS,ORD,2431.39,1744,1982,1781,2027,37,45,0,75,SD,LAS:SD
2026-09-09,AAL,N121AA,5,ORD,SEA,2761.75,2102,2351,2132,2381,30,30,9,68,MD,ORD:MD
2026-09-09,UAL,N564UA,1,ATL,BOS,1521.01,453,618,501,660,48,42,11,55,MD,ATL:MD
2026-09-09,UAL,N564UA,2,BOS,MIA,2027.83,715,919,751,968,36,49,11,64,SD,BOS:SD
2026-09-09,UAL,N564UA,3,MIA,LAX,3762.88,1032,1373,1065,1407,33,34,5,75,MD,MIA:MD
2026-09-09,UAL,N564UA,4,LAX,BWI,3739.99,1482,1816,1485,1816,3,0,3,66,ND,LAX:ND
2026-09-09,UAL,N564UA,5,BWI,MCO,1268.78,1882,2011,1882,2011,0,0,0,73,ND,BWI:ND
2026-09-09,AAL,N282AA,1,ORD,SFO,2964.02,368,648,368,656,0,8,0,64,ND,ORD:ND
2026-09-09,AAL,N282AA,2,SFO,DEN,1552.95,720,888,739,906,19,18,0,56,MD,SFO:MD
2026-09-09,AAL,N282AA,3,DEN,DTW,1802.36,962,1150,993,1202,31,52,12,44,SD,DEN:SD
2026-09-09,AAL,N282AA,4,DTW,SLC,2377.74,1246,1467,1257,1496,11,29,11,71,MD,DTW:MD
2026-09-09,AAL,N282AA,5,SLC,BWI,2993.56,1567,1833,1567,1833,0,0,0,69,ND,SLC:ND
2026-09-09,UAL,N671UA,1,EWR,PHX,3424.67,378,685,384,713,6,28,6,44,MD,EWR:MD
2026-09-09,UAL,N671UA,2,PHX,ORD,2312.89,757,983,793,1018,36,35,19,46,MD,PHX:MD
2026-09-09,UAL,N671UA,3,ORD,LAS,2431.39,1064,1300,1075,1319,11,19,6,64,MD,ORD:MD
2026-09-09,UAL,N671UA,4,LAS,IAH,1963.17,1383,1572,1390,1588,7,16,7,51,MD,LAS:MD
2026-09-09,UAL,N671UA,5,IAH,SLC,1922.4,1639,1830,1649,1850,10,20,10,46,MD,IAH:MD
2026-09-09,UAL,N790UA,1,MSP,EWR,1618.5,462,632,462,641,0,9,0,61,ND,MSP:ND
2026-09-09,UAL,N790UA,2,EWR,DEN,2576.16,702,952,702,972,0,20,0,68,MD,EWR:MD
2026-09-09,UAL,N790UA,3,DEN,LAX,1384.92,1040,1185,1040,1187,0,2,0,75,ND,DEN:ND
2026-09-09,UAL,N790UA,4,LAX,BOS,4192.75,1262,1633,1262,1638,0,5,0,66,ND,LAX:ND
2026-09-09,UAL,N790UA,5,BOS,LAS,3822.26,1704,2044,1704,2044,0,0,0,55,ND,BOS:ND
2026-09-09,SWA,N884SW,1,IAH,LAS,1963.17,360,543,360,551,0,8,0,58,ND,IAH:ND
2026-09-09,SWA,N884SW,2,LAS,PHX,411.31,609,670,634,694,25,24,0,59,MD,LAS:MD
2026-09-09,SWA,N884SW,3,PHX,MSP,2051.64,753,948,768,981,15,33,2,60,MD,PHX:MD
2026-09-09,SWA,N884SW,4,MSP,BOS,1803.89,1041,1218,1041,1228,0,10,0,75,ND,MSP:ND
2026-09-09,SWA,N884SW,5,BOS,SFO,4341.08,1303,1693,1331,1727,28,34,3,49,MD,BOS:MD
2026-09-09,UAL,N259UA,1,JFK,LAS,3609.32,436,751,436,751,0,0,0,65,ND,JFK:ND
2026-09-09,UAL,N259UA,2,LAS,PHX,411.31,816,875,816,875,0,0,0,60,ND,LAS:ND
2026-09-09,UAL,N259UA,3,PHX,SEA,1781.91,935,1117,935,1118,0,1,0,46,ND,PHX:ND
2026-09-09,UAL,N259UA,4,SEA,BOS,4005.08,1164,1510,1199,1538,35,28,0,64,MD,SEA:MD
2026-09-09,UAL,N259UA,5,BOS,BWI,593.84,1602,1684,1605,1692,3,8,3,62,ND,BOS:ND
